id,price_doc
30474,235119
30475,239855
30476,67856
30477,202587
30478,238464
30479,0
30480,87258
30481,621455
30482,130367
30483,239384
30484,89155
30485,238463
30486,240128
30487,103110
30488,337757
30489,619917
30490,146242
30491,14375
30492,103113
30493,29297
30494,238467
30495,28628
30496,54951
30497,75669
30498,80554
30499,0
30500,39562
30501,23865
30502,60315
30503,149840
30504,110184
30505,73298
30506,1402995
30507,238319
30508,87259
30509,34658
30510,89158
30511,0
30512,73209
30513,87312
30514,1403011
30515,89158
30516,368652
30517,0
30518,26740
30519,27199
30520,0
30521,0
30522,353696
30523,0
30524,37315
30525,33086
30526,238374
30527,617623
30528,122487
30529,17392
30530,92077
30531,32573
30532,620998
30533,0
30534,238466
30535,89157
30536,619971
30537,24015
30538,31973
30539,0
30540,89158
30541,43003
30542,1402993
30543,89729
30544,70808
30545,36645
30546,617670
30547,0
30548,619969
30549,239812
30550,49869
30551,239815
30552,1403007
30553,0
30554,85063
30555,87261
30556,0
30557,7078
30558,73296
30559,118230
30560,69736
30561,12339
30562,13945
30563,0
30564,0
30565,102863
30566,619933
30567,1402993
30568,10950
30569,0
30570,25982
30571,39559
30572,238321
30573,89155
30574,0
30575,73184
30576,103096
30577,145656
30578,1403009
30579,13295
30580,0
30581,208887
30582,69411
30583,238467
30584,111586
30585,239793
30586,79834
30587,617614
30588,34336
30589,17367
30590,114605
30591,36821
30592,35317
30593,55005
30594,0
30595,6105
30596,1663018
30597,89155
30598,89158
30599,79842
30600,0
30601,110302
30602,1403006
30603,89161
30604,172363
30605,89155
30606,170686
30607,6435
30608,240132
30609,619917
30610,59088
30611,87259
30612,42691
30613,0
30614,158533
30615,5435
30616,87259
30617,57533
30618,9647
30619,0
30620,1403009
30621,2950
30622,36426
30623,138557
30624,620961
30625,353696
30626,107931
30627,113361
30628,89155
30629,72434
30630,0
30631,238412
30632,202583
30633,68492
30634,34923
30635,89158
30636,230042
30637,89157
30638,83235
30639,11261
30640,621456
30641,87278
30642,66948
30643,60188
30644,89158
30645,230045
30646,99501
30647,196220
30648,226422
30649,1402995
30650,164982
30651,1403048
30652,621470
30653,101669
30654,499617
30655,2271
30656,619914
30657,0
30658,197568
30659,238318
30660,60330
30661,77842
30662,82144
30663,71629
30664,0
30665,619918
30666,1402995
30667,239697
30668,0
30669,130316
30670,337751
30671,4583
30672,2272
30673,55620
30674,47249
30675,1402993
30676,168929
30677,135499
30678,0
30679,14795
30680,54947
30681,337223
30682,66950
30683,89158
30684,0
30685,48466
30686,89143
30687,238424
30688,239810
30689,0
30690,226423
30691,44802
30692,44966
30693,50807
30694,0
30695,21548
30696,0
30697,0
30698,41570
30699,8309
30700,238374
30701,89158
30702,44598
30703,499630
30704,13958
30705,62571
30706,226422
30707,1402997
30708,0
30709,89155
30710,229193
30711,499632
30712,619519
30713,41783
30714,114575
30715,337715
30716,89158
30717,86165
30718,156440
30719,101690
30720,16773
30721,36144
30722,97892
30723,624359
30724,80094
30725,103450
30726,31816
30727,89158
30728,0
30729,1403050
30730,0
30731,87274
30732,41399
30733,0
30734,80090
30735,368704
30736,0
30737,0
30738,69274
30739,1403045
30740,238334
30741,101685
30742,87258
30743,238335
30744,82145
30745,167412
30746,368704
30747,153621
30748,39565
30749,23616
30750,630368
30751,369209
30752,101684
30753,0
30754,156812
30755,1402998
30756,0
30757,12953
30758,69090
30759,43703
30760,1403051
30761,10208
30762,621459
30763,13959
30764,619932
30765,232127
30766,1119589
30767,0
30768,36770
30769,231500
30770,619918
30771,60314
30772,42860
30773,87316
30774,87273
30775,101213
30776,0
30777,619930
30778,105911
30779,47865
30780,65511
30781,89155
30782,130497
30783,619916
30784,499616
30785,40982
30786,87311
30787,87315
30788,619970
30789,75618
30790,6916
30791,80093
30792,80090
30793,9785
30794,117211
30795,4038
30796,234801
30797,13962
30798,337276
30799,146481
30800,91540
30801,87260
30802,89119
30803,239807
30804,240122
30805,0
30806,80090
30807,76336
30808,10714
30809,499632
30810,39825
30811,620997
30812,113821
30813,47867
30814,337699
30815,103109
30816,213277
30817,1403007
30818,0
30819,79833
30820,42995
30821,0
30822,71794
30823,21547
30824,617620
30825,55000
30826,106981
30827,54959
30828,62495
30829,49102
30830,82146
30831,0
30832,233610
30833,14002
30834,619928
30835,0
30836,620961
30837,355383
30838,71477
30839,15591
30840,103051
30841,37246
30842,93185
30843,109982
30844,0
30845,147387
30846,87271
30847,70514
30848,238468
30849,196219
30850,619914
30851,239698
30852,103114
30853,621468
30854,0
30855,0
30856,920
30857,337236
30858,87258
30859,619917
30860,0
30861,0
30862,64895
30863,0
30864,71271
30865,80640
30866,54949
30867,69770
30868,85508
30869,29660
30870,45038
30871,50572
30872,240115
30873,239695
30874,76985
30875,49071
30876,238372
30877,15803
30878,368650
30879,128952
30880,87314
30881,1402993
30882,197568
30883,118053
30884,368651
30885,87285
30886,619935
30887,73866
30888,0
30889,0
30890,110660
30891,1119589
30892,1119589
30893,87258
30894,76233
30895,368703
30896,104342
30897,0
30898,82143
30899,75117
30900,240127
30901,42497
30902,1402993
30903,212392
30904,209623
30905,368651
30906,81582
30907,62038
30908,202583
30909,0
30910,103108
30911,233696
30912,87461
30913,131679
30914,46798
30915,16123
30916,239699
30917,49150
30918,78770
30919,1402997
30920,131639
30921,54958
30922,31683
30923,240108
30924,54946
30925,0
30926,104343
30927,17615
30928,30071
30929,54946
30930,16097
30931,22042
30932,26373
30933,234108
30934,40701
30935,82143
30936,80090
30937,238470
30938,60351
30939,621464
30940,89155
30941,56426
30942,240167
30943,337771
30944,499618
30945,368869
30946,64289
30947,0
30948,232998
30949,238376
30950,0
30951,99507
30952,87262
30953,22865
30954,499631
30955,0
30956,0
30957,0
30958,3203
30959,0
30960,58585
30961,0
30962,15018
30963,240114
30964,51410
30965,239858
30966,78552
30967,62801
30968,59268
30969,239747
30970,0
30971,126218
30972,239748
30973,62575
30974,238464
30975,58076
30976,60319
30977,0
30978,207175
30979,240108
30980,1119596
30981,617610
30982,238334
30983,239748
30984,368651
30985,619914
30986,89158
30987,39887
30988,0
30989,18549
30990,43707
30991,0
30992,1403048
30993,121398
30994,17988
30995,220048
30996,368705
30997,619919
30998,18941
30999,56515
31000,39616
31001,87261
31002,38905
31003,48044
31004,239329
31005,1119600
31006,16270
31007,0
31008,54960
31009,11367
31010,63291
31011,368649
31012,368651
31013,240127
31014,0
31015,0
31016,368649
31017,89157
31018,15641
31019,621470
31020,0
31021,89160
31022,78037
31023,89158
31024,54563
31025,60320
31026,0
31027,619915
31028,114972
31029,0
31030,77842
31031,0
31032,172611
31033,0
31034,65821
31035,77845
31036,71681
31037,0
31038,621470
31039,26741
31040,0
31041,621469
31042,0
31043,0
31044,0
31045,21548
31046,39549
31047,36806
31048,18545
31049,661
31050,621002
31051,238466
31052,239695
31053,0
31054,87315
31055,102834
31056,89160
31057,54961
31058,83532
31059,337224
31060,238413
31061,87275
31062,75679
31063,240113
31064,238411
31065,0
31066,87312
31067,0
31068,619915
31069,621510
31070,240153
31071,240107
31072,159619
31073,1402993
31074,21547
31075,621476
31076,27467
31077,368704
31078,619188
31079,239800
31080,89156
31081,1403008
31082,108153
31083,499632
31084,89157
31085,0
31086,499630
31087,72441
31088,19029
31089,16576
31090,2278
31091,0
31092,238467
31093,619918
31094,63867
31095,0
31096,13258
31097,0
31098,0
31099,161971
31100,134060
31101,103110
31102,215742
31103,73102
31104,8309
31105,68124
31106,621456
31107,5408
31108,23683
31109,240116
31110,89157
31111,231504
31112,0
31113,60302
31114,61017
31115,240170
31116,0
31117,0
31118,239695
31119,239807
31120,114634
31121,0
31122,103113
31123,239696
31124,67723
31125,82189
31126,0
31127,87313
31128,3929
31129,239750
31130,158529
31131,170296
31132,0
31133,12972
31134,26800
31135,11552
31136,0
31137,83543
31138,11899
31139,240167
31140,48410
31141,41611
31142,89158
31143,630366
31144,239738
31145,230485
31146,125049
31147,0
31148,619917
31149,1402993
31150,238415
31151,121332
31152,87277
31153,239854
31154,71452
31155,141532
31156,158975
31157,54945
31158,149834
31159,87261
31160,107412
31161,239708
31162,621168
31163,53413
31164,621458
31165,0
31166,368664
31167,187477
31168,39887
31169,0
31170,36131
31171,0
31172,240169
31173,72506
31174,38307
31175,34849
31176,240169
31177,238416
31178,621469
31179,71982
31180,619928
31181,101684
31182,0
31183,238324
31184,41814
31185,239329
31186,27117
31187,60315
31188,239696
31189,239811
31190,59559
31191,86170
31192,337700
31193,353707
31194,632302
31195,66553
31196,18874
31197,25170
31198,37315
31199,89155
31200,79821
31201,83528
31202,620432
31203,87314
31204,499616
31205,353750
31206,108148
31207,619968
31208,112448
31209,619915
31210,353693
31211,94402
31212,353694
31213,90948
31214,89156
31215,240115
31216,368651
31217,238467
31218,355332
31219,1119590
31220,21547
31221,240167
31222,131294
31223,89158
31224,230461
31225,101673
31226,87314
31227,89157
31228,10999
31229,0
31230,54960
31231,239342
31232,71402
31233,89155
31234,95748
31235,240116
31236,54814
31237,1010
31238,89156
31239,110739
31240,102567
31241,89155
31242,238322
31243,240122
31244,238467
31245,0
31246,46894
31247,239756
31248,32519
31249,89158
31250,87274
31251,238466
31252,87314
31253,5949
31254,103113
31255,40644
31256,17587
31257,239814
31258,26418
31259,226414
31260,7151
31261,226421
31262,368651
31263,367389
31264,240122
31265,171009
31266,57411
31267,240108
31268,368703
31269,50713
31270,239329
31271,239856
31272,154523
31273,224401
31274,36657
31275,37481
31276,52153
31277,93583
31278,22059
31279,39564
31280,91535
31281,238414
31282,89160
31283,87261
31284,236145
31285,337768
31286,0
31287,89158
31288,621456
31289,72077
31290,353708
31291,99835
31292,499616
31293,238413
31294,240128
31295,159040
31296,89158
31297,38682
31298,60316
31299,89158
31300,68509
31301,368652
31302,103111
31303,33074
31304,238335
31305,54047
31306,60315
31307,619932
31308,59570
31309,31815
31310,162480
31311,40322
31312,8394
31313,0
31314,89155
31315,89158
31316,79822
31317,170411
31318,95163
31319,89155
31320,43364
31321,240128
31322,0
31323,0
31324,100075
31325,63467
31326,181097
31327,3832
31328,99506
31329,239752
31330,0
31331,238379
31332,151874
31333,27770
31334,368649
31335,26740
31336,0
31337,0
31338,83543
31339,31610
31340,15479
31341,89158
31342,75557
31343,240113
31344,52842
31345,60318
31346,239852
31347,181400
31348,80363
31349,85062
31350,60315
31351,0
31352,162043
31353,104524
31354,0
31355,625817
31356,87271
31357,240172
31358,1403009
31359,102159
31360,151831
31361,16696
31362,89158
31363,240169
31364,62587
31365,240167
31366,46050
31367,208478
31368,0
31369,240123
31370,230489
31371,154335
31372,240130
31373,0
31374,75680
31375,233197
31376,89155
31377,48429
31378,140032
31379,12039
31380,83918
31381,0
31382,12487
31383,126282
31384,197592
31385,38634
31386,17450
31387,36372
31388,60318
31389,103793
31390,57954
31391,239854
31392,39800
31393,0
31394,0
31395,63673
31396,57027
31397,0
31398,0
31399,41103
31400,0
31401,104346
31402,0
31403,238464
31404,0
31405,0
31406,0
31407,240127
31408,87315
31409,1663005
31410,0
31411,0
31412,103485
31413,57049
31414,61428
31415,13961
31416,0
31417,57271
31418,13909
31419,53291
31420,0
31421,36672
31422,63427
31423,238428
31424,52583
31425,197092
31426,56048
31427,632312
31428,27098
31429,117211
31430,240169
31431,240116
31432,62841
31433,36870
31434,240167
31435,0
31436,89157
31437,89161
31438,62451
31439,0
31440,59932
31441,40420
31442,621460
31443,16126
31444,0
31445,0
31446,0
31447,28572
31448,0
31449,23593
31450,25191
31451,15278
31452,39561
31453,0
31454,108060
31455,8963
31456,238411
31457,63600
31458,158999
31459,0
31460,238464
31461,87369
31462,499669
31463,239699
31464,1172
31465,75824
31466,112600
31467,240107
31468,0
31469,238411
31470,240169
31471,17439
31472,1403048
31473,4825
31474,1403051
31475,88832
31476,75135
31477,0
31478,24714
31479,34386
31480,25542
31481,0
31482,47373
31483,27597
31484,54948
31485,1119601
31486,60301
31487,111068
31488,10716
31489,70358
31490,0
31491,150873
31492,26475
31493,24718
31494,25805
31495,76239
31496,20386
31497,196213
31498,0
31499,103145
31500,70893
31501,177985
31502,62036
31503,27114
31504,66984
31505,2274
31506,19478
31507,83233
31508,620435
31509,0
31510,36368
31511,238424
31512,617611
31513,58140
31514,78036
31515,1403047
31516,0
31517,0
31518,53083
31519,0
31520,0
31521,110491
31522,621456
31523,60824
31524,84825
31525,93533
31526,368665
31527,102863
31528,14906
31529,230485
31530,45333
31531,427094
31532,368651
31533,17268
31534,42691
31535,177445
31536,0
31537,87311
31538,240164
31539,60316
31540,89157
31541,1402995
31542,0
31543,240167
31544,238410
31545,230748
31546,89161
31547,112502
31548,0
31549,87259
31550,131634
31551,58381
31552,44498
31553,42650
31554,4386
31555,617621
31556,0
31557,51177
31558,89158
31559,1402995
31560,0
31561,619918
31562,65701
31563,239382
31564,119459
31565,89157
31566,18543
31567,82191
31568,0
31569,82143
31570,619931
31571,189067
31572,239708
31573,230484
31574,64375
31575,368650
31576,103114
31577,499632
31578,120886
31579,240170
31580,230899
31581,121329
31582,102465
31583,11434
31584,240162
31585,89155
31586,80094
31587,18812
31588,73296
31589,60316
31590,103117
31591,234797
31592,240119
31593,60856
31594,11765
31595,73958
31596,60316
31597,0
31598,62587
31599,103113
31600,76166
31601,27182
31602,499619
31603,0
31604,0
31605,238464
31606,238413
31607,230775
31608,499619
31609,44036
31610,0
31611,0
31612,42749
31613,240110
31614,99505
31615,89158
31616,0
31617,617612
31618,239814
31619,921
31620,87258
31621,42650
31622,45260
31623,89859
31624,239696
31625,231040
31626,38127
31627,79832
31628,104346
31629,42653
31630,499630
31631,368705
31632,0
31633,16058
31634,210326
31635,77847
31636,132852
31637,239750
31638,0
31639,240108
31640,59383
31641,239695
31642,1403049
31643,103113
31644,448263
31645,0
31646,0
31647,56650
31648,104346
31649,19188
31650,29661
31651,85208
31652,355329
31653,27780
31654,64895
31655,619928
31656,183238
31657,1474
31658,87258
31659,99126
31660,37803
31661,165752
31662,238413
31663,239695
31664,1119603
31665,239329
31666,103852
31667,197620
31668,26741
31669,21620
31670,238323
31671,167410
31672,87400
31673,0
31674,117102
31675,240113
31676,230488
31677,240168
31678,337226
31679,69364
31680,212393
31681,87275
31682,1403049
31683,89155
31684,499632
31685,240167
31686,0
31687,0
31688,89159
31689,240114
31690,0
31691,240114
31692,0
31693,0
31694,0
31695,238413
31696,240161
31697,499632
31698,240161
31699,13141
31700,36072
31701,239860
31702,71579
31703,85060
31704,98136
31705,35389
31706,115409
31707,0
31708,0
31709,499632
31710,105593
31711,72578
31712,48428
31713,87259
31714,239331
31715,630351
31716,230485
31717,0
31718,238319
31719,0
31720,102670
31721,239814
31722,103113
31723,67660
31724,15785
31725,238424
31726,14782
31727,33795
31728,239330
31729,233747
31730,60355
31731,368708
31732,200930
31733,102793
31734,87312
31735,1403009
31736,131628
31737,239854
31738,87260
31739,67730
31740,0
31741,0
31742,91363
31743,87317
31744,239696
31745,619928
31746,57524
31747,238586
31748,92411
31749,239697
31750,0
31751,4792
31752,239329
31753,239329
31754,51404
31755,0
31756,337711
31757,0
31758,132778
31759,238412
31760,239331
31761,38673
31762,1403008
31763,79835
31764,154140
31765,239328
31766,0
31767,239694
31768,238414
31769,75263
31770,62586
31771,240167
31772,56969
31773,12667
31774,630366
31775,71577
31776,1402993
31777,1119589
31778,67917
31779,73282
31780,238414
31781,6481
31782,219332
31783,239694
31784,38770
31785,202681
31786,368650
31787,89155
31788,6148
31789,239384
31790,240167
31791,54951
31792,0
31793,66794
31794,630353
31795,234795
31796,619969
31797,0
31798,0
31799,0
31800,102426
31801,240113
31802,75680
31803,233424
31804,0
31805,240166
31806,76676
31807,2309
31808,0
31809,42331
31810,624355
31811,0
31812,149628
31813,238320
31814,0
31815,239332
31816,16403
31817,240107
31818,3830
31819,619917
31820,9244
31821,212340
31822,15641
31823,240169
31824,371392
31825,196206
31826,23305
31827,21356
31828,101336
31829,48476
31830,25402
31831,239854
31832,0
31833,99504
31834,619918
31835,238318
31836,34337
31837,240113
31838,14291
31839,626890
31840,77861
31841,499618
31842,59929
31843,240113
31844,87260
31845,0
31846,368650
31847,850
31848,619916
31849,68125
31850,89155
31851,89159
31852,0
31853,89157
31854,89155
31855,151834
31856,44849
31857,0
31858,14861
31859,82196
31860,240130
31861,101689
31862,238322
31863,77845
31864,240126
31865,27292
31866,1402995
31867,114809
31868,84137
31869,0
31870,60315
31871,238319
31872,0
31873,625062
31874,499618
31875,619931
31876,499618
31877,0
31878,0
31879,0
31880,12762
31881,238331
31882,15519
31883,499617
31884,233733
31885,40908
31886,45573
31887,87757
31888,97499
31889,0
31890,499632
31891,65070
31892,240168
31893,104175
31894,163860
31895,337754
31896,240127
31897,239851
31898,240162
31899,619928
31900,152618
31901,238413
31902,239858
31903,20941
31904,239329
31905,620478
31906,87258
31907,240108
31908,619914
31909,0
31910,619914
31911,240167
31912,87275
31913,100417
31914,0
31915,619919
31916,239382
31917,240116
31918,0
31919,630367
31920,619134
31921,35955
31922,0
31923,665
31924,17605
31925,0
31926,239817
31927,106995
31928,238589
31929,446432
31930,630354
31931,0
31932,127808
31933,84003
31934,0
31935,151857
31936,103044
31937,0
31938,15913
31939,103521
31940,619919
31941,4067
31942,27819
31943,0
31944,1403005
31945,40903
31946,28575
31947,0
31948,238335
31949,140767
31950,33260
31951,28684
31952,50140
31953,60356
31954,0
31955,80850
31956,0
31957,45367
31958,64396
31959,49869
31960,82143
31961,26377
31962,63870
31963,98151
31964,625042
31965,36343
31966,24470
31967,454294
31968,51644
31969,0
31970,32358
31971,368649
31972,103111
31973,240115
31974,368654
31975,619914
31976,239329
31977,55977
31978,499633
31979,368650
31980,238321
31981,73355
31982,30405
31983,36415
31984,122726
31985,239854
31986,368649
31987,619930
31988,56702
31989,0
31990,60315
31991,0
31992,238318
31993,0
31994,238413
31995,89461
31996,74364
31997,131152
31998,240162
31999,76169
32000,87261
32001,162495
32002,131681
32003,29450
32004,238377
32005,238320
32006,57012
32007,89158
32008,0
32009,240168
32010,29755
32011,239697
32012,1402993
32013,240116
32014,0
32015,0
32016,630368
32017,0
32018,143466
32019,234031
32020,368650
32021,113292
32022,103113
32023,619914
32024,619917
32025,70011
32026,239330
32027,72044
32028,630352
32029,55662
32030,239382
32031,240161
32032,39885
32033,152598
32034,239709
32035,87032
32036,0
32037,353750
32038,53833
32039,100419
32040,0
32041,60355
32042,89155
32043,27619
32044,239384
32045,337807
32046,41366
32047,176135
32048,21061
32049,83546
32050,139535
32051,353710
32052,87315
32053,238323
32054,4543
32055,83543
32056,75827
32057,83544
32058,49019
32059,238319
32060,102681
32061,19225
32062,337771
32063,0
32064,213277
32065,103112
32066,0
32067,62574
32068,238321
32069,1402995
32070,15483
32071,95343
32072,97887
32073,239694
32074,239751
32075,10019
32076,173854
32077,630410
32078,239695
32079,240168
32080,239800
32081,27614
32082,103113
32083,499629
32084,0
32085,50967
32086,39799
32087,232996
32088,13824
32089,20384
32090,22045
32091,238413
32092,239751
32093,40141
32094,66475
32095,0
32096,1403051
32097,83682
32098,37633
32099,49336
32100,56897
32101,47377
32102,54999
32103,240127
32104,240110
32105,83547
32106,238413
32107,239331
32108,239799
32109,448041
32110,240108
32111,74533
32112,197574
32113,49457
32114,0
32115,54299
32116,6314
32117,238415
32118,238334
32119,89157
32120,20386
32121,1403008
32122,15481
32123,197577
32124,619921
32125,102656
32126,39756
32127,39561
32128,89155
32129,33107
32130,62626
32131,73300
32132,1403046
32133,240121
32134,499616
32135,71563
32136,13253
32137,43760
32138,89155
32139,88181
32140,166559
32141,60354
32142,240109
32143,8599
32144,239330
32145,0
32146,238322
32147,13906
32148,238318
32149,54243
32150,499618
32151,89158
32152,240163
32153,238414
32154,83529
32155,239814
32156,102749
32157,217044
32158,82147
32159,458
32160,103048
32161,115959
32162,122489
32163,0
32164,173561
32165,89158
32166,89158
32167,147443
32168,30895
32169,158679
32170,0
32171,0
32172,41100
32173,17810
32174,0
32175,0
32176,147428
32177,117209
32178,57015
32179,32536
32180,0
32181,367336
32182,130514
32183,46448
32184,82149
32185,7874
32186,22228
32187,619914
32188,9187
32189,499616
32190,239330
32191,239814
32192,39565
32193,0
32194,499616
32195,79837
32196,60059
32197,1819
32198,238427
32199,50064
32200,158684
32201,238325
32202,239747
32203,48817
32204,0
32205,0
32206,239335
32207,89158
32208,55077
32209,240163
32210,19090
32211,0
32212,239697
32213,15871
32214,0
32215,0
32216,68769
32217,353707
32218,368705
32219,71939
32220,50100
32221,82144
32222,80850
32223,617661
32224,69182
32225,129510
32226,0
32227,39568
32228,72245
32229,82192
32230,238332
32231,0
32232,240114
32233,473131
32234,41980
32235,127234
32236,151892
32237,107375
32238,0
32239,25170
32240,38704
32241,630405
32242,66968
32243,18093
32244,21555
32245,9617
32246,54575
32247,619151
32248,70466
32249,133021
32250,0
32251,102463
32252,453759
32253,89157
32254,73781
32255,63969
32256,630353
32257,240108
32258,225581
32259,87274
32260,36415
32261,65518
32262,238415
32263,20383
32264,70993
32265,58273
32266,0
32267,89155
32268,57984
32269,62539
32270,30116
32271,87336
32272,60259
32273,66476
32274,238410
32275,630353
32276,89158
32277,0
32278,76273
32279,94580
32280,620959
32281,88973
32282,62273
32283,238413
32284,87258
32285,12972
32286,41058
32287,0
32288,18091
32289,87271
32290,0
32291,46340
32292,8599
32293,18939
32294,16273
32295,166611
32296,0
32297,197623
32298,18614
32299,36998
32300,82304
32301,230328
32302,80381
32303,131111
32304,238464
32305,233610
32306,0
32307,910
32308,5682
32309,11902
32310,64705
32311,38669
32312,619915
32313,229740
32314,82271
32315,114605
32316,0
32317,73298
32318,0
32319,44627
32320,0
32321,133021
32322,122166
32323,621460
32324,98363
32325,619929
32326,371394
32327,0
32328,55137
32329,20578
32330,32503
32331,163523
32332,12620
32333,83548
32334,163522
32335,233597
32336,38684
32337,81737
32338,239153
32339,44127
32340,0
32341,0
32342,42689
32343,18129
32344,239800
32345,238411
32346,1119646
32347,13906
32348,22629
32349,59780
32350,17440
32351,100417
32352,37602
32353,234108
32354,619918
32355,0
32356,36701
32357,21845
32358,15871
32359,63436
32360,173551
32361,78890
32362,73295
32363,444178
32364,87285
32365,121357
32366,68140
32367,54959
32368,121333
32369,107594
32370,619975
32371,120782
32372,80092
32373,112197
32374,12527
32375,353693
32376,70622
32377,22205
32378,0
32379,76233
32380,2927
32381,83529
32382,0
32383,83667
32384,238373
32385,54373
32386,89157
32387,619928
32388,43545
32389,0
32390,617627
32391,238413
32392,0
32393,0
32394,238464
32395,238464
32396,83543
32397,238467
32398,619916
32399,177986
32400,0
32401,240131
32402,240114
32403,85063
32404,132179
32405,6239
32406,0
32407,73097
32408,72855
32409,2085
32410,126857
32411,0
32412,89158
32413,37544
32414,77847
32415,499618
32416,226414
32417,16156
32418,0
32419,355330
32420,75824
32421,1403006
32422,67950
32423,87258
32424,151876
32425,368702
32426,21997
32427,32814
32428,62672
32429,19267
32430,83542
32431,43131
32432,43721
32433,240121
32434,0
32435,28049
32436,118254
32437,48044
32438,30611
32439,48793
32440,28295
32441,337700
32442,14859
32443,60248
32444,16664
32445,82429
32446,210882
32447,238415
32448,0
32449,89160
32450,37688
32451,101701
32452,0
32453,89155
32454,80849
32455,87262
32456,103195
32457,238411
32458,0
32459,79821
32460,50402
32461,18793
32462,368885
32463,59464
32464,17212
32465,87271
32466,50102
32467,16143
32468,95686
32469,53584
32470,51691
32471,0
32472,11687
32473,72163
32474,233696
32475,17454
32476,0
32477,499616
32478,238321
32479,103111
32480,36210
32481,0
32482,499617
32483,89158
32484,197624
32485,22059
32486,81649
32487,50141
32488,208480
32489,0
32490,30628
32491,20904
32492,80092
32493,52541
32494,441649
32495,619917
32496,240168
32497,88228
32498,50925
32499,0
32500,59090
32501,104346
32502,103650
32503,60305
32504,129507
32505,212397
32506,33346
32507,59171
32508,72748
32509,115339
32510,41980
32511,0
32512,104393
32513,239856
32514,630407
32515,0
32516,0
32517,67966
32518,239329
32519,368649
32520,1403046
32521,45203
32522,0
32523,240117
32524,445834
32525,232576
32526,45201
32527,355344
32528,239851
32529,50141
32530,17597
32531,50141
32532,64598
32533,83546
32534,73888
32535,368705
32536,432456
32537,89155
32538,0
32539,240128
32540,15551
32541,0
32542,76335
32543,87261
32544,238464
32545,238410
32546,230463
32547,0
32548,59089
32549,240107
32550,91257
32551,236006
32552,54852
32553,87095
32554,34492
32555,131149
32556,24661
32557,499616
32558,89156
32559,56097
32560,46798
32561,54850
32562,93659
32563,0
32564,0
32565,0
32566,239814
32567,619148
32568,89158
32569,0
32570,232128
32571,60569
32572,238375
32573,150817
32574,0
32575,55280
32576,239804
32577,77811
32578,89187
32579,239802
32580,38283
32581,59076
32582,238321
32583,239329
32584,624357
32585,239330
32586,368651
32587,102750
32588,89155
32589,1402995
32590,45799
32591,233729
32592,103109
32593,499630
32594,87258
32595,89156
32596,89158
32597,6315
32598,89158
32599,151837
32600,0
32601,143220
32602,427703
32603,2569
32604,102132
32605,630365
32606,70463
32607,355386
32608,99048
32609,619934
32610,75658
32611,70534
32612,619928
32613,55184
32614,131639
32615,0
32616,69258
32617,64815
32618,107010
32619,103112
32620,64707
32621,85342
32622,61058
32623,0
32624,17452
32625,111933
32626,16122
32627,99785
32628,0
32629,190559
32630,52066
32631,20578
32632,0
32633,24152
32634,64573
32635,49874
32636,58539
32637,0
32638,630368
32639,337761
32640,38875
32641,152598
32642,134348
32643,13945
32644,15839
32645,114807
32646,75929
32647,0
32648,23874
32649,37476
32650,231501
32651,1402993
32652,0
32653,72040
32654,24400
32655,89161
32656,368337
32657,55889
32658,44709
32659,368670
32660,0
32661,61501
32662,24778
32663,82149
32664,9490
32665,0
32666,44751
32667,74492
32668,14959
32669,0
32670,0
32671,47344
32672,239621
32673,65299
32674,51516
32675,499618
32676,102159
32677,83503
32678,33463
32679,478786
32680,0
32681,31815
32682,617613
32683,0
32684,53376
32685,0
32686,79465
32687,194242
32688,0
32689,87314
32690,83141
32691,31
32692,77859
32693,12668
32694,619972
32695,134653
32696,619652
32697,33435
32698,0
32699,44147
32700,50143
32701,131572
32702,0
32703,0
32704,56818
32705,62476
32706,1119604
32707,75826
32708,22478
32709,15459
32710,73597
32711,123592
32712,28552
32713,0
32714,0
32715,103109
32716,255859
32717,31438
32718,0
32719,0
32720,206113
32721,73203
32722,50141
32723,133137
32724,106560
32725,0
32726,94221
32727,41059
32728,64286
32729,95633
32730,19377
32731,624347
32732,103110
32733,97429
32734,371380
32735,72035
32736,103109
32737,0
32738,197580
32739,0
32740,368339
32741,56005
32742,0
32743,240170
32744,55287
32745,0
32746,50145
32747,26326
32748,36325
32749,499616
32750,48113
32751,0
32752,33257
32753,66712
32754,17615
32755,513
32756,8542
32757,0
32758,1140
32759,198894
32760,121332
32761,11971
32762,54067
32763,0
32764,60524
32765,630405
32766,17245
32767,140301
32768,89513
32769,0
32770,68925
32771,0
32772,73444
32773,355329
32774,0
32775,67656
32776,40896
32777,98654
32778,53073
32779,103109
32780,54280
32781,59971
32782,105853
32783,0
32784,40820
32785,38312
32786,238374
32787,73212
32788,56680
32789,0
32790,55344
32791,368651
32792,146345
32793,98222
32794,1402993
32795,30612
32796,56653
32797,35905
32798,32532
32799,12045
32800,239329
32801,8643
32802,32821
32803,31189
32804,89158
32805,9932
32806,5656
32807,78220
32808,46553
32809,238378
32810,46965
32811,0
32812,238411
32813,0
32814,368648
32815,53070
32816,83529
32817,62496
32818,0
32819,1403050
32820,33483
32821,32632
32822,0
32823,355386
32824,36297
32825,69825
32826,115960
32827,0
32828,0
32829,39229
32830,368650
32831,14712
32832,619519
32833,73300
32834,124662
32835,42698
32836,0
32837,0
32838,41399
32839,414554
32840,147942
32841,50100
32842,0
32843,368702
32844,368651
32845,40045
32846,54324
32847,239798
32848,0
32849,619231
32850,14362
32851,23145
32852,239329
32853,239695
32854,0
32855,89158
32856,170229
32857,77978
32858,499629
32859,14043
32860,238413
32861,26728
32862,150216
32863,50087
32864,0
32865,97794
32866,499616
32867,35684
32868,89158
32869,53073
32870,63139
32871,1119604
32872,16577
32873,149591
32874,53071
32875,72768
32876,5079
32877,58078
32878,4543
32879,240109
32880,59891
32881,7876
32882,238467
32883,53070
32884,38072
32885,626056
32886,0
32887,620958
32888,624641
32889,630616
32890,630405
32891,238426
32892,14557
32893,14561
32894,62416
32895,75716
32896,99689
32897,1403009
32898,229192
32899,35271
32900,57079
32901,3074
32902,95685
32903,15875
32904,15372
32905,43749
32906,40848
32907,239815
32908,234114
32909,385399
32910,38164
32911,0
32912,499603
32913,367336
32914,151822
32915,632314
32916,0
32917,230485
32918,73212
32919,43675
32920,27314
32921,626042
32922,0
32923,46628
32924,1119599
32925,84465
32926,102788
32927,428965
32928,0
32929,30117
32930,10559
32931,82141
32932,60394
32933,58325
32934,150875
32935,25448
32936,56651
32937,248333
32938,151130
32939,499618
32940,234981
32941,151866
32942,238321
32943,26921
32944,499633
32945,50400
32946,232353
32947,0
32948,0
32949,428962
32950,11401
32951,0
32952,37236
32953,0
32954,57354
32955,47320
32956,51645
32957,40419
32958,8050
32959,89160
32960,39284
32961,227964
32962,499631
32963,89158
32964,42698
32965,56417
32966,0
32967,0
32968,98308
32969,66379
32970,43963
32971,97888
32972,119875
32973,61104
32974,625801
32975,97440
32976,125798
32977,366842
32978,0
32979,619916
32980,619653
32981,0
32982,0
32983,84171
32984,95614
32985,8040
32986,630353
32987,368656
32988,41225
32989,240010
32990,38872
32991,617624
32992,238320
32993,14271
32994,499616
32995,30135
32996,0
32997,34004
32998,97154
32999,240128
33000,0
33001,83138
33002,29740
33003,38999
33004,36905
33005,39389
33006,83618
33007,105888
33008,64000
33009,21356
33010,121331
33011,238319
33012,50099
33013,621748
33014,619970
33015,0
33016,68299
33017,54477
33018,15759
33019,238466
33020,77976
33021,368707
33022,49141
33023,59485
33024,236050
33025,112631
33026,368651
33027,617612
33028,104342
33029,22484
33030,238414
33031,76238
33032,197582
33033,0
33034,97886
33035,69104
33036,3855
33037,34424
33038,21345
33039,50425
33040,0
33041,1119580
33042,152433
33043,8048
33044,0
33045,38370
33046,624349
33047,89158
33048,0
33049,448269
33050,43548
33051,72097
33052,32521
33053,0
33054,619231
33055,53213
33056,87259
33057,0
33058,72109
33059,83615
33060,32821
33061,39385
33062,443462
33063,619932
33064,88930
33065,55346
33066,20647
33067,44628
33068,101572
33069,0
33070,196221
33071,91983
33072,57744
33073,54997
33074,212396
33075,14095
33076,151826
33077,11471
33078,59077
33079,16318
33080,60776
33081,0
33082,234639
33083,14784
33084,89257
33085,40966
33086,0
33087,0
33088,52843
33089,55423
33090,99096
33091,233186
33092,0
33093,63928
33094,238464
33095,627577
33096,200931
33097,235730
33098,169396
33099,0
33100,87260
33101,117949
33102,0
33103,0
33104,0
33105,57942
33106,23436
33107,368649
33108,68508
33109,211984
33110,368651
33111,38134
33112,499618
33113,20384
33114,75810
33115,76161
33116,115608
33117,4633
33118,17716
33119,114571
33120,60314
33121,0
33122,99183
33123,0
33124,0
33125,441996
33126,39866
33127,31277
33128,42997
33129,0
33130,239855
33131,238326
33132,17558
33133,0
33134,21995
33135,50425
33136,5949
33137,103793
33138,95775
33139,0
33140,47928
33141,0
33142,37426
33143,58299
33144,83503
33145,99662
33146,81261
33147,239724
33148,105406
33149,12672
33150,61646
33151,41496
33152,152411
33153,0
33154,57961
33155,93882
33156,7976
33157,89155
33158,0
33159,36271
33160,83137
33161,42041
33162,47055
33163,36864
33164,61407
33165,19667
33166,95093
33167,27421
33168,3061
33169,82139
33170,22838
33171,111279
33172,58079
33173,52627
33174,12392
33175,368648
33176,36632
33177,150875
33178,56625
33179,20637
33180,69286
33181,16306
33182,76239
33183,36920
33184,239810
33185,0
33186,34221
33187,36273
33188,49564
33189,189610
33190,18970
33191,25021
33192,12065
33193,238414
33194,499618
33195,44911
33196,50140
33197,102820
33198,18351
33199,97887
33200,103108
33201,0
33202,199181
33203,60825
33204,89167
33205,240115
33206,125740
33207,97700
33208,20139
33209,55346
33210,59073
33211,45252
33212,62416
33213,66280
33214,0
33215,617612
33216,619914
33217,239854
33218,186
33219,368648
33220,238413
33221,2925
33222,74597
33223,1403046
33224,0
33225,70464
33226,619916
33227,196276
33228,87272
33229,62432
33230,21875
33231,0
33232,150804
33233,89144
33234,20227
33235,619918
33236,50350
33237,116706
33238,37996
33239,0
33240,40536
33241,113343
33242,45832
33243,7871
33244,73199
33245,79832
33246,75646
33247,87258
33248,54582
33249,79654
33250,8194
33251,126895
33252,150807
33253,89155
33254,43515
33255,37236
33256,0
33257,103070
33258,28758
33259,125417
33260,240123
33261,0
33262,239804
33263,102925
33264,114576
33265,50164
33266,64099
33267,83506
33268,53909
33269,51218
33270,0
33271,0
33272,46562
33273,228674
33274,89156
33275,109099
33276,14861
33277,22530
33278,50098
33279,11688
33280,15604
33281,41121
33282,63282
33283,630369
33284,14712
33285,61488
33286,66890
33287,337807
33288,85512
33289,26585
33290,2926
33291,103110
33292,87263
33293,238322
33294,10442
33295,239894
33296,103807
33297,103369
33298,0
33299,33580
33300,368648
33301,194562
33302,87671
33303,15786
33304,1566
33305,64137
33306,48619
33307,0
33308,627574
33309,63089
33310,0
33311,64203
33312,619915
33313,371379
33314,87397
33315,233428
33316,111675
33317,355346
33318,619919
33319,0
33320,1331
33321,619916
33322,78928
33323,368655
33324,73298
33325,0
33326,238322
33327,0
33328,32519
33329,101629
33330,619651
33331,122893
33332,238332
33333,0
33334,200412
33335,228434
33336,0
33337,240167
33338,0
33339,0
33340,131243
33341,8875
33342,34072
33343,453745
33344,32760
33345,0
33346,0
33347,227954
33348,32822
33349,78929
33350,63627
33351,86678
33352,95633
33353,146346
33354,353707
33355,13731
33356,238321
33357,74363
33358,337712
33359,9026
33360,38028
33361,0
33362,499654
33363,225234
33364,73875
33365,0
33366,114582
33367,0
33368,169262
33369,233424
33370,0
33371,42699
33372,203948
33373,132853
33374,46060
33375,5796
33376,10344
33377,45677
33378,116283
33379,86345
33380,0
33381,73209
33382,103109
33383,45612
33384,238415
33385,1119600
33386,55368
33387,0
33388,49141
33389,87258
33390,17245
33391,368650
33392,48623
33393,0
33394,97888
33395,194247
33396,0
33397,149908
33398,117747
33399,14052
33400,0
33401,114617
33402,151881
33403,630370
33404,63889
33405,252614
33406,0
33407,89155
33408,83663
33409,0
33410,0
33411,58529
33412,45536
33413,89745
33414,8825
33415,21376
33416,16277
33417,50141
33418,0
33419,0
33420,82147
33421,0
33422,0
33423,617609
33424,0
33425,0
33426,55593
33427,11976
33428,96346
33429,87258
33430,68274
33431,620472
33432,55661
33433,60718
33434,0
33435,0
33436,97888
33437,43221
33438,238464
33439,69219
33440,368651
33441,238464
33442,238379
33443,0
33444,33241
33445,87258
33446,0
33447,83543
33448,21325
33449,54050
33450,62508
33451,17289
33452,0
33453,99079
33454,168927
33455,1077
33456,56118
33457,42932
33458,97359
33459,13822
33460,0
33461,38166
33462,231721
33463,98869
33464,60571
33465,100748
33466,0
33467,50527
33468,0
33469,151137
33470,59431
33471,1403046
33472,27956
33473,119350
33474,59234
33475,1402996
33476,21851
33477,82154
33478,10170
33479,62739
33480,11751
33481,154294
33482,238410
33483,0
33484,99500
33485,66988
33486,39698
33487,355329
33488,89161
33489,18811
33490,53353
33491,39950
33492,0
33493,619918
33494,15276
33495,77859
33496,0
33497,35244
33498,123016
33499,22321
33500,53072
33501,11752
33502,6381
33503,0
33504,0
33505,17587
33506,454291
33507,0
33508,72859
33509,0
33510,38670
33511,56247
33512,619916
33513,24846
33514,87312
33515,87258
33516,24924
33517,18920
33518,80717
33519,119841
33520,623975
33521,0
33522,103108
33523,87337
33524,617614
33525,64020
33526,0
33527,69362
33528,78242
33529,87533
33530,9935
33531,55184
33532,0
33533,4385
33534,97360
33535,133346
33536,14240
33537,627577
33538,54900
33539,50145
33540,43735
33541,67551
33542,0
33543,0
33544,368371
33545,619921
33546,355329
33547,0
33548,87262
33549,0
33550,30422
33551,73614
33552,239818
33553,238318
33554,0
33555,76288
33556,0
33557,89157
33558,0
33559,17585
33560,46448
33561,1402993
33562,40904
33563,32519
33564,60914
33565,52845
33566,12789
33567,238416
33568,1402993
33569,236757
33570,45193
33571,1402995
33572,240115
33573,62587
33574,15803
33575,619930
33576,20525
33577,66927
33578,215897
33579,134066
33580,238323
33581,238427
33582,6544
33583,0
33584,64571
33585,117808
33586,0
33587,60045
33588,89144
33589,11535
33590,622669
33591,208290
33592,8824
33593,630351
33594,87466
33595,240114
33596,33108
33597,0
33598,83503
33599,38659
33600,50140
33601,68790
33602,238467
33603,61879
33604,103109
33605,79647
33606,119702
33607,227451
33608,6317
33609,5325
33610,0
33611,89155
33612,23486
33613,238321
33614,75465
33615,238533
33616,72020
33617,105908
33618,0
33619,0
33620,82967
33621,1403046
33622,0
33623,73209
33624,87314
33625,1403048
33626,31405
33627,368649
33628,83503
33629,75676
33630,68060
33631,0
33632,623976
33633,83137
33634,22045
33635,0
33636,87314
33637,239748
33638,0
33639,28118
33640,73297
33641,101966
33642,9026
33643,337769
33644,21381
33645,39119
33646,90938
33647,12565
33648,47113
33649,4371
33650,619457
33651,53335
33652,97921
33653,0
33654,479492
33655,238533
33656,368335
33657,231721
33658,0
33659,23876
33660,97386
33661,240167
33662,87316
33663,216587
33664,9285
33665,22385
33666,0
33667,61228
33668,0
33669,158518
33670,61599
33671,45653
33672,78036
33673,355336
33674,0
33675,37089
33676,619928
33677,238376
33678,0
33679,83666
33680,0
33681,71566
33682,18904
33683,0
33684,59076
33685,32455
33686,0
33687,142252
33688,73256
33689,143859
33690,85067
33691,0
33692,56649
33693,0
33694,173437
33695,89110
33696,0
33697,91255
33698,238413
33699,72888
33700,239724
33701,83546
33702,8086
33703,118132
33704,74766
33705,0
33706,73594
33707,83543
33708,836917
33709,0
33710,0
33711,34085
33712,84671
33713,0
33714,353693
33715,68278
33716,368875
33717,0
33718,624396
33719,0
33720,630366
33721,239814
33722,630352
33723,54387
33724,123129
33725,16287
33726,355345
33727,64943
33728,50142
33729,55344
33730,60567
33731,30258
33732,82143
33733,239694
33734,114566
33735,353709
33736,0
33737,26531
33738,624396
33739,0
33740,239812
33741,63889
33742,40575
33743,1155
33744,68805
33745,1403046
33746,238415
33747,619919
33748,77970
33749,238410
33750,15978
33751,40391
33752,88912
33753,54072
33754,29293
33755,82147
33756,130517
33757,50959
33758,3121
33759,59074
33760,617612
33761,0
33762,0
33763,210851
33764,367336
33765,238465
33766,0
33767,67204
33768,19476
33769,19078
33770,624132
33771,55344
33772,0
33773,29660
33774,102199
33775,71578
33776,53853
33777,624389
33778,82429
33779,183871
33780,419
33781,73279
33782,367333
33783,238414
33784,87275
33785,60287
33786,107455
33787,8959
33788,238411
33789,0
33790,41787
33791,25807
33792,0
33793,0
33794,499632
33795,57059
33796,37357
33797,146621
33798,46678
33799,368649
33800,0
33801,19191
33802,54585
33803,26911
33804,40419
33805,46101
33806,233680
33807,38512
33808,353708
33809,37864
33810,36516
33811,0
33812,27957
33813,39529
33814,0
33815,0
33816,0
33817,3898
33818,238414
33819,263569
33820,36012
33821,32521
33822,83529
33823,239331
33824,44924
33825,238468
33826,238416
33827,89155
33828,10089
33829,0
33830,238464
33831,89158
33832,239815
33833,238323
33834,87260
33835,0
33836,239803
33837,0
33838,353710
33839,0
33840,79096
33841,41075
33842,12596
33843,48032
33844,68274
33845,50140
33846,97885
33847,68276
33848,66921
33849,100142
33850,88419
33851,36389
33852,619932
33853,8051
33854,42954
33855,0
33856,1402993
33857,0
33858,53030
33859,38672
33860,499621
33861,45100
33862,162295
33863,60694
33864,15760
33865,238410
33866,230046
33867,73163
33868,203081
33869,368709
33870,619917
33871,114566
33872,75681
33873,10750
33874,625043
33875,73214
33876,8313
33877,7388
33878,9115
33879,189610
33880,55343
33881,151655
33882,0
33883,238332
33884,104772
33885,238334
33886,0
33887,15802
33888,0
33889,55346
33890,64866
33891,6344
33892,63506
33893,52829
33894,54999
33895,368651
33896,238411
33897,87258
33898,103113
33899,15843
33900,65685
33901,385421
33902,101375
33903,83661
33904,0
33905,68532
33906,141915
33907,499641
33908,499615
33909,238334
33910,72444
33911,12095
33912,368661
33913,46945
33914,499622
33915,47995
33916,239815
33917,67097
33918,0
33919,82131
33920,499622
33921,87311
33922,51640
33923,10095
33924,10076
33925,33240
33926,624399
33927,63888
33928,0
33929,93220
33930,0
33931,238413
33932,0
33933,353696
33934,45974
33935,1403048
33936,239852
33937,50959
33938,0
33939,21367
33940,0
33941,0
33942,69390
33943,119723
33944,0
33945,122813
33946,13399
33947,2914
33948,358780
33949,0
33950,70225
33951,0
33952,240033
33953,0
33954,18581
33955,59077
33956,64050
33957,62572
33958,0
33959,97888
33960,97791
33961,30040
33962,238412
33963,87262
33964,162378
33965,60315
33966,120766
33967,75721
33968,21820
33969,238411
33970,56449
33971,26921
33972,89158
33973,238413
33974,46929
33975,12594
33976,67635
33977,0
33978,181573
33979,238414
33980,91367
33981,238412
33982,97473
33983,499621
33984,63144
33985,50423
33986,49570
33987,56649
33988,79502
33989,115119
33990,499621
33991,162211
33992,1403048
33993,0
33994,15462
33995,238336
33996,17211
33997,141934
33998,89157
33999,0
34000,0
34001,197582
34002,106946
34003,48246
34004,83544
34005,83531
34006,96426
34007,82144
34008,8873
34009,55545
34010,87260
34011,239330
34012,89158
34013,53072
34014,84975
34015,238413
34016,499640
34017,5651
34018,50105
34019,238415
34020,34540
34021,118278
34022,35225
34023,64722
34024,368705
34025,0
34026,450574
34027,38268
34028,43156
34029,1944244
34030,239811
34031,67597
34032,94541
34033,355332
34034,196223
34035,83543
34036,48112
34037,55344
34038,240168
34039,238319
34040,0
34041,238319
34042,48114
34043,0
34044,97509
34045,149019
34046,0
34047,238413
34048,192340
34049,196205
34050,11753
34051,0
34052,14958
34053,212382
34054,50598
34055,62748
34056,368335
34057,5461
34058,77845
34059,64440
34060,60261
34061,39050
34062,499636
34063,32268
34064,499622
34065,51312
34066,630351
34067,83616
34068,31157
34069,630352
34070,87314
34071,624350
34072,27958
34073,447805
34074,105202
34075,30138
34076,5461
34077,0
34078,14274
34079,355347
34080,68219
34081,64647
34082,239804
34083,83677
34084,238428
34085,36633
34086,108952
34087,99888
34088,46730
34089,53070
34090,94537
34091,114006
34092,624703
34093,355330
34094,98654
34095,240107
34096,44908
34097,114572
34098,10078
34099,83350
34100,94649
34101,10712
34102,115293
34103,97886
34104,1403046
34105,3058
34106,39784
34107,238413
34108,368651
34109,53676
34110,238467
34111,99040
34112,238325
34113,47780
34114,37431
34115,239811
34116,238416
34117,84170
34118,68274
34119,0
34120,499622
34121,239802
34122,83543
34123,240109
34124,58905
34125,97478
34126,98659
34127,1402997
34128,129307
34129,89155
34130,353694
34131,0
34132,79874
34133,28170
34134,424211
34135,238413
34136,0
34137,88729
34138,80556
34139,97941
34140,64869
34141,239802
34142,58905
34143,2911
34144,0
34145,96753
34146,3833
34147,46126
34148,355330
34149,121766
34150,47494
34151,99046
34152,53338
34153,0
34154,143158
34155,238319
34156,368651
34157,0
34158,103110
34159,73215
34160,75567
34161,239695
34162,98657
34163,147556
34164,60316
34165,140104
34166,368650
34167,238469
34168,83547
34169,240175
34170,0
34171,0
34172,40583
34173,84048
34174,0
34175,0
34176,0
34177,147186
34178,32040
34179,475630
34180,47318
34181,238333
34182,87314
34183,83529
34184,111121
34185,0
34186,38264
34187,56842
34188,499615
34189,37859
34190,0
34191,0
34192,0
34193,99038
34194,66385
34195,238416
34196,69442
34197,16651
34198,118639
34199,48653
34200,68532
34201,64623
34202,25064
34203,47755
34204,100323
34205,41841
34206,97509
34207,47864
34208,0
34209,68277
34210,17249
34211,103738
34212,123012
34213,0
34214,0
34215,41059
34216,78036
34217,56411
34218,353693
34219,88400
34220,99040
34221,238319
34222,29740
34223,239695
34224,13398
34225,73280
34226,55593
34227,31016
34228,200416
34229,0
34230,0
34231,138557
34232,83503
34233,30648
34234,0
34235,83503
34236,38875
34237,42188
34238,230462
34239,103114
34240,13906
34241,368335
34242,14320
34243,0
34244,0
34245,47101
34246,39452
34247,209821
34248,99045
34249,83502
34250,0
34251,0
34252,73212
34253,87274
34254,2928
34255,0
34256,68269
34257,238376
34258,62784
34259,73300
34260,499624
34261,853
34262,499626
34263,76169
34264,0
34265,98658
34266,368336
34267,0
34268,9633
34269,13602
34270,19080
34271,145344
34272,37075
34273,5945
34274,67704
34275,0
34276,12652
34277,89164
34278,499635
34279,73353
34280,59778
34281,52558
34282,353693
34283,203080
34284,0
34285,96295
34286,2016
34287,90758
34288,207124
34289,76942
34290,14374
34291,2927
34292,499621
34293,82195
34294,114573
34295,8191
34296,45378
34297,0
34298,0
34299,239858
34300,41857
34301,87394
34302,238333
34303,160590
34304,73210
34305,27661
34306,0
34307,12104
34308,74427
34309,128422
34310,0
34311,38683
34312,67595
34313,37690
34314,20527
34315,236050
34316,0
34317,0
34318,20568
34319,240127
34320,72597
34321,0
34322,0
34323,123129
34324,165038
34325,368704
34326,17504
34327,119003
34328,0
34329,95752
34330,0
34331,83533
34332,10631
34333,133285
34334,0
34335,0
34336,22899
34337,617626
34338,1567
34339,12672
34340,6623
34341,0
34342,234050
34343,47775
34344,85208
34345,17250
34346,238336
34347,230880
34348,49373
34349,62573
34350,630355
34351,499616
34352,22839
34353,79820
34354,499621
34355,97793
34356,0
34357,0
34358,97335
34359,0
34360,0
34361,0
34362,196200
34363,43558
34364,47777
34365,97562
34366,10901
34367,0
34368,38692
34369,0
34370,26511
34371,83505
34372,83528
34373,128320
34374,0
34375,65933
34376,148083
34377,239794
34378,368370
34379,238323
34380,0
34381,47391
34382,368649
34383,55346
34384,73331
34385,0
34386,68392
34387,131297
34388,15971
34389,73025
34390,73209
34391,88278
34392,72162
34393,11878
34394,499632
34395,53072
34396,86907
34397,1403048
34398,13809
34399,8193
34400,103518
34401,235659
34402,54473
34403,103195
34404,97794
34405,46422
34406,82146
34407,97523
34408,624384
34409,7249
34410,35744
34411,0
34412,53853
34413,238467
34414,43463
34415,1402994
34416,89158
34417,18846
34418,624619
34419,19711
34420,15788
34421,627560
34422,10419
34423,107947
34424,112411
34425,122746
34426,97886
34427,102388
34428,9976
34429,118093
34430,66280
34431,60567
34432,368704
34433,499622
34434,0
34435,44844
34436,102145
34437,0
34438,239798
34439,148639
34440,55346
34441,19078
34442,0
34443,91710
34444,70735
34445,14081
34446,0
34447,73215
34448,368705
34449,97699
34450,98654
34451,45210
34452,68396
34453,239814
34454,99094
34455,0
34456,149656
34457,46109
34458,353693
34459,239817
34460,0
34461,69791
34462,65965
34463,0
34464,0
34465,27182
34466,499584
34467,104871
34468,0
34469,65204
34470,64927
34471,239821
34472,16805
34473,368648
34474,18610
34475,21527
34476,239854
34477,79873
34478,23742
34479,11243
34480,205816
34481,198084
34482,81032
34483,0
34484,26962
34485,74592
34486,0
34487,80093
34488,82704
34489,71464
34490,0
34491,152077
34492,0
34493,368649
34494,8978
34495,65481
34496,56412
34497,33655
34498,0
34499,0
34500,358566
34501,81046
34502,64590
34503,355333
34504,57078
34505,169383
34506,89161
34507,239797
34508,35958
34509,170517
34510,37149
34511,102725
34512,0
34513,97790
34514,118274
34515,624132
34516,820750
34517,127511
34518,55281
34519,50142
34520,368649
34521,163959
34522,13649
34523,169382
34524,97350
34525,48979
34526,22899
34527,230366
34528,0
34529,82148
34530,169362
34531,0
34532,239382
34533,50941
34534,151140
34535,499640
34536,0
34537,60315
34538,20647
34539,49315
34540,10057
34541,0
34542,82143
34543,0
34544,165678
34545,83543
34546,127367
34547,97523
34548,22945
34549,18272
34550,103108
34551,69765
34552,18818
34553,76293
34554,47017
34555,230371
34556,449118
34557,29714
34558,72441
34559,17324
34560,0
34561,0
34562,17249
34563,55343
34564,95775
34565,73864
34566,0
34567,103113
34568,16305
34569,18614
34570,35694
34571,617675
34572,61729
34573,54325
34574,355343
34575,2115
34576,1402996
34577,367336
34578,107119
34579,56651
34580,0
34581,51513
34582,89554
34583,0
34584,3961
34585,38973
34586,1402993
34587,78280
34588,102822
34589,0
34590,0
34591,91266
34592,14583
34593,499618
34594,0
34595,151100
34596,0
34597,23249
34598,58060
34599,62138
34600,228674
34601,38469
34602,81874
34603,151098
34604,499616
34605,58300
34606,5421
34607,43099
34608,202372
34609,0
34610,119795
34611,14439
34612,0
34613,6154
34614,0
34615,0
34616,8050
34617,44199
34618,119469
34619,54946
34620,36930
34621,627571
34622,33933
34623,80393
34624,624623
34625,71408
34626,239817
34627,103110
34628,75151
34629,1403048
34630,499632
34631,128605
34632,19180
34633,109825
34634,854
34635,103111
34636,35410
34637,184310
34638,0
34639,35515
34640,499638
34641,43920
34642,95669
34643,78683
34644,35929
34645,44096
34646,238319
34647,12877
34648,73396
34649,89159
34650,68722
34651,23164
34652,120015
34653,36343
34654,196213
34655,0
34656,499624
34657,0
34658,499640
34659,624717
34660,133086
34661,43408
34662,83527
34663,45684
34664,630652
34665,238322
34666,62586
34667,239814
34668,0
34669,128177
34670,151869
34671,36746
34672,88403
34673,122885
34674,57256
34675,16462
34676,59077
34677,0
34678,63622
34679,27905
34680,60921
34681,499625
34682,54572
34683,39473
34684,69218
34685,38686
34686,9881
34687,82705
34688,4789
34689,149891
34690,230902
34691,0
34692,197588
34693,0
34694,91535
34695,63983
34696,49864
34697,27954
34698,0
34699,238412
34700,57730
34701,26577
34702,98219
34703,499641
34704,239801
34705,168794
34706,221171
34707,68790
34708,0
34709,77839
34710,60316
34711,0
34712,0
34713,83543
34714,57806
34715,53416
34716,181576
34717,44592
34718,170964
34719,58416
34720,227448
34721,0
34722,0
34723,83548
34724,71846
34725,0
34726,152034
34727,16136
34728,0
34729,0
34730,89158
34731,27957
34732,76436
34733,630029
34734,0
34735,35261
34736,89155
34737,57129
34738,119673
34739,42687
34740,82428
34741,83544
34742,68722
34743,355330
34744,368335
34745,439094
34746,79833
34747,0
34748,0
34749,99788
34750,101755
34751,24293
34752,2277
34753,63889
34754,43548
34755,82705
34756,499600
34757,116638
34758,387237
34759,37257
34760,239342
34761,38686
34762,9888
34763,0
34764,83545
34765,54372
34766,61450
34767,95751
34768,0
34769,15801
34770,53072
34771,36405
34772,44127
34773,58558
34774,89158
34775,87311
34776,48035
34777,3962
34778,21239
34779,76055
34780,0
34781,55134
34782,499625
34783,15790
34784,239748
34785,0
34786,453799
34787,499622
34788,102861
34789,448043
34790,125738
34791,98760
34792,196218
34793,103108
34794,0
34795,9543
34796,76274
34797,230531
34798,75143
34799,0
34800,158520
34801,151365
34802,63890
34803,48032
34804,239803
34805,89156
34806,133455
34807,239709
34808,22004
34809,239802
34810,18192
34811,83543
34812,499616
34813,111085
34814,39177
34815,61504
34816,70888
34817,42153
34818,1565
34819,0
34820,625058
34821,97887
34822,0
34823,65751
34824,78405
34825,36416
34826,238335
34827,82705
34828,499640
34829,98658
34830,58159
34831,0
34832,239818
34833,0
34834,93648
34835,56651
34836,238376
34837,73195
34838,222117
34839,78548
34840,54039
34841,98659
34842,69825
34843,60087
34844,95963
34845,0
34846,0
34847,101914
34848,89195
34849,0
34850,50426
34851,369210
34852,136288
34853,499621
34854,499622
34855,10702
34856,31322
34857,66002
34858,33241
34859,0
34860,353710
34861,48260
34862,193507
34863,438253
34864,0
34865,240122
34866,234634
34867,234335
34868,355344
34869,9880
34870,117995
34871,99581
34872,85432
34873,57806
34874,30226
34875,2928
34876,238426
34877,24301
34878,40870
34879,1580
34880,44600
34881,7284
34882,31064
34883,83542
34884,27820
34885,230963
34886,0
34887,76172
34888,100518
34889,499624
34890,29292
34891,87272
34892,0
34893,2912
34894,450759
34895,239466
34896,13820
34897,630047
34898,20355
34899,0
34900,92980
34901,53348
34902,99667
34903,20345
34904,20744
34905,37966
34906,0
34907,41602
34908,27957
34909,97886
34910,55124
34911,27955
34912,24841
34913,629293
34914,49324
34915,145830
34916,630609
34917,104329
34918,0
34919,105892
34920,55883
34921,20780
34922,161684
34923,64109
34924,40137
34925,86638
34926,499622
34927,15406
34928,238424
34929,76280
34930,0
34931,43951
34932,10441
34933,69396
34934,71717
34935,52505
34936,37457
34937,385414
34938,22839
34939,0
34940,73195
34941,115900
34942,55954
34943,170175
34944,453798
34945,0
34946,68287
34947,88901
34948,368336
34949,121354
34950,27955
34951,8599
34952,367336
34953,40746
34954,389576
34955,7731
34956,10349
34957,0
34958,50101
34959,102859
34960,10092
34961,34953
34962,0
34963,52516
34964,71728
34965,15783
34966,0
34967,30160
34968,50402
34969,48974
34970,54999
34971,617611
34972,368368
34973,18962
34974,125726
34975,91541
34976,0
34977,0
34978,239864
34979,55663
34980,89158
34981,367333
34982,9716
34983,0
34984,57015
34985,0
34986,45860
34987,240128
34988,127697
34989,0
34990,1402994
34991,234749
34992,73209
34993,239695
34994,114882
34995,4795
34996,198560
34997,89158
34998,64800
34999,82705
35000,151100
35001,148639
35002,10091
35003,89156
35004,98843
35005,0
35006,65427
35007,84971
35008,338
35009,89097
35010,239793
35011,89155
35012,147761
35013,212340
35014,0
35015,57670
35016,56485
35017,623972
35018,53567
35019,70073
35020,53033
35021,56412
35022,86260
35023,33432
35024,106314
35025,367350
35026,1403007
35027,0
35028,18129
35029,60694
35030,353696
35031,499617
35032,13669
35033,445812
35034,160271
35035,27958
35036,239818
35037,57772
35038,37491
35039,0
35040,16836
35041,39338
35042,91011
35043,8595
35044,89155
35045,0
35046,70225
35047,21470
35048,0
35049,46104
35050,181980
35051,0
35052,0
35053,104223
35054,0
35055,385404
35056,368650
35057,5902
35058,619655
35059,151100
35060,60823
35061,238464
35062,0
35063,68303
35064,78657
35065,10498
35066,0
35067,55346
35068,87261
35069,368335
35070,101683
35071,499616
35072,0
35073,73197
35074,15403
35075,83138
35076,424697
35077,100960
35078,49071
35079,0
35080,0
35081,42225
35082,0
35083,45756
35084,13794
35085,79742
35086,22785
35087,46732
35088,15870
35089,89551
35090,63526
35091,1402993
35092,368648
35093,0
35094,61682
35095,65416
35096,0
35097,84583
35098,27088
35099,337754
35100,39453
35101,0
35102,101009
35103,9642
35104,0
35105,238320
35106,80095
35107,499622
35108,27990
35109,0
35110,53376
35111,35694
35112,0
35113,63168
35114,1119627
35115,239729
35116,0
35117,62627
35118,88403
35119,151351
35120,0
35121,238319
35122,499616
35123,231905
35124,73594
35125,129435
35126,8310
35127,630030
35128,50075
35129,77303
35130,79485
35131,69080
35132,239749
35133,87260
35134,2283
35135,127721
35136,103112
35137,55585
35138,43377
35139,89159
35140,60625
35141,170963
35142,239814
35143,77978
35144,72385
35145,98657
35146,38682
35147,103102
35148,499599
35149,0
35150,25109
35151,151417
35152,131246
35153,77088
35154,36413
35155,21194
35156,84289
35157,624345
35158,0
35159,71728
35160,38683
35161,1567
35162,47052
35163,166277
35164,89161
35165,453747
35166,82142
35167,46330
35168,196200
35169,80854
35170,36414
35171,1403046
35172,19742
35173,43605
35174,94988
35175,22122
35176,36331
35177,89158
35178,18792
35179,133285
35180,237828
35181,80966
35182,227654
35183,4445
35184,5760
35185,27955
35186,110492
35187,71885
35188,239805
35189,15760
35190,82535
35191,61530
35192,151084
35193,104681
35194,623972
35195,110735
35196,371381
35197,0
35198,239729
35199,110268
35200,16645
35201,33035
35202,0
35203,0
35204,104328
35205,145983
35206,73195
35207,355343
35208,11767
35209,2872
35210,499640
35211,3818
35212,30111
35213,21534
35214,238464
35215,67334
35216,240130
35217,36167
35218,240128
35219,2872
35220,238426
35221,0
35222,97886
35223,11639
35224,96493
35225,79833
35226,83533
35227,621001
35228,0
35229,59786
35230,95244
35231,103504
35232,62578
35233,0
35234,18882
35235,27954
35236,29277
35237,57019
35238,32569
35239,238469
35240,234439
35241,47390
35242,11221
35243,239734
35244,83532
35245,147383
35246,70274
35247,255667
35248,206678
35249,499697
35250,175653
35251,59074
35252,10076
35253,499618
35254,6914
35255,0
35256,3859
35257,368650
35258,239694
35259,0
35260,89158
35261,68275
35262,238415
35263,630613
35264,21867
35265,96982
35266,92442
35267,107899
35268,54473
35269,13001
35270,499622
35271,44380
35272,45030
35273,368649
35274,239724
35275,133137
35276,499618
35277,56411
35278,238415
35279,57026
35280,27955
35281,27955
35282,27957
35283,71574
35284,623972
35285,499621
35286,107914
35287,29306
35288,32522
35289,114814
35290,368651
35291,2274
35292,194562
35293,14042
35294,238333
35295,10945
35296,82140
35297,238413
35298,71015
35299,64874
35300,88446
35301,15468
35302,14710
35303,368651
35304,624345
35305,0
35306,13398
35307,60914
35308,499622
35309,113302
35310,499622
35311,0
35312,208889
35313,499630
35314,54478
35315,29134
35316,240167
35317,48915
35318,368335
35319,238467
35320,238318
35321,97887
35322,0
35323,238333
35324,90816
35325,1403048
35326,1119600
35327,101509
35328,70511
35329,89158
35330,499629
35331,0
35332,73197
35333,196203
35334,5099
35335,1402995
35336,103015
35337,11539
35338,0
35339,50107
35340,0
35341,33022
35342,48642
35343,10447
35344,0
35345,0
35346,368670
35347,368702
35348,47952
35349,621851
35350,0
35351,0
35352,37972
35353,368651
35354,79532
35355,0
35356,0
35357,100957
35358,623980
35359,0
35360,147860
35361,13960
35362,50140
35363,0
35364,104869
35365,103533
35366,238336
35367,99500
35368,15597
35369,46868
35370,121160
35371,66452
35372,104385
35373,54194
35374,61914
35375,50429
35376,368649
35377,239725
35378,70224
35379,61474
35380,83532
35381,28371
35382,79821
35383,87314
35384,59091
35385,72936
35386,89116
35387,158975
35388,630029
35389,67767
35390,368343
35391,91495
35392,73296
35393,0
35394,54874
35395,0
35396,97793
35397,38669
35398,624620
35399,368862
35400,47048
35401,24040
35402,222345
35403,50425
35404,0
35405,97524
35406,255113
35407,18812
35408,121943
35409,68278
35410,68275
35411,53249
35412,367334
35413,130183
35414,98656
35415,27954
35416,133835
35417,53948
35418,37891
35419,78221
35420,0
35421,82146
35422,5585
35423,97883
35424,73209
35425,17211
35426,0
35427,103112
35428,64698
35429,0
35430,18432
35431,0
35432,0
35433,69388
35434,630084
35435,83532
35436,47074
35437,119775
35438,88406
35439,55280
35440,115956
35441,60356
35442,80093
35443,15792
35444,0
35445,138901
35446,97427
35447,13891
35448,70217
35449,0
35450,36020
35451,90114
35452,353707
35453,234659
35454,98654
35455,15705
35456,11650
35457,82144
35458,108383
35459,80069
35460,47876
35461,0
35462,128912
35463,0
35464,197598
35465,53072
35466,629290
35467,0
35468,68297
35469,623972
35470,27619
35471,20710
35472,368670
35473,0
35474,0
35475,5140
35476,0
35477,368336
35478,83530
35479,84875
35480,56544
35481,83528
35482,81528
35483,14809
35484,15801
35485,3923
35486,771
35487,24729
35488,39001
35489,234032
35490,233766
35491,499622
35492,83139
35493,78301
35494,80339
35495,6363
35496,38671
35497,36146
35498,0
35499,106791
35500,499629
35501,40706
35502,9648
35503,79850
35504,0
35505,49577
35506,82705
35507,68279
35508,10093
35509,120946
35510,238467
35511,95423
35512,120737
35513,182392
35514,0
35515,103112
35516,124322
35517,11030
35518,97387
35519,87316
35520,43750
35521,75829
35522,87260
35523,72357
35524,240127
35525,56357
35526,97391
35527,97332
35528,83503
35529,87272
35530,44628
35531,10716
35532,82705
35533,0
35534,63646
35535,197583
35536,8313
35537,0
35538,353707
35539,8874
35540,43261
35541,499622
35542,0
35543,0
35544,0
35545,219348
35546,19377
35547,0
35548,196580
35549,22094
35550,80097
35551,83506
35552,499598
35553,47904
35554,87407
35555,37856
35556,97310
35557,15387
35558,0
35559,33665
35560,80094
35561,131299
35562,75677
35563,235667
35564,0
35565,1402997
35566,73215
35567,55616
35568,444178
35569,207488
35570,0
35571,0
35572,0
35573,101966
35574,87312
35575,73286
35576,39472
35577,110892
35578,1402995
35579,68617
35580,38973
35581,622671
35582,66654
35583,57275
35584,499616
35585,11202
35586,72233
35587,353707
35588,102525
35589,24893
35590,92298
35591,238332
35592,23204
35593,45860
35594,7034
35595,68845
35596,56702
35597,64921
35598,55053
35599,59163
35600,97332
35601,50815
35602,0
35603,39305
35604,61485
35605,30111
35606,73866
35607,108210
35608,47391
35609,59087
35610,73212
35611,78613
35612,85491
35613,368370
35614,49642
35615,630029
35616,82141
35617,1402993
35618,31202
35619,68275
35620,35515
35621,67087
35622,82710
35623,151142
35624,80464
35625,37968
35626,1403050
35627,130694
35628,38091
35629,499622
35630,53102
35631,5087
35632,0
35633,0
35634,48625
35635,233733
35636,146852
35637,621850
35638,0
35639,353745
35640,1402993
35641,2122
35642,79572
35643,73136
35644,73053
35645,0
35646,11905
35647,499645
35648,238469
35649,27959
35650,239812
35651,13856
35652,63790
35653,0
35654,0
35655,239806
35656,6310
35657,35299
35658,104346
35659,499622
35660,116692
35661,40753
35662,0
35663,27955
35664,202685
35665,54350
35666,82708
35667,35144
35668,54850
35669,499641
35670,89156
35671,83528
35672,0
35673,76013
35674,0
35675,196221
35676,8510
35677,83140
35678,94989
35679,240123
35680,0
35681,45311
35682,34345
35683,50705
35684,499622
35685,97382
35686,0
35687,0
35688,0
35689,63294
35690,32706
35691,103770
35692,3909
35693,53073
35694,97363
35695,82939
35696,10075
35697,0
35698,57260
35699,13232
35700,20579
35701,17238
35702,10385
35703,56681
35704,60720
35705,0
35706,239695
35707,169384
35708,238375
35709,499622
35710,80094
35711,114556
35712,239744
35713,73597
35714,51255
35715,238416
35716,19852
35717,42937
35718,19854
35719,45000
35720,0
35721,46492
35722,109751
35723,87258
35724,95279
35725,499638
35726,102860
35727,0
35728,90654
35729,0
35730,0
35731,183234
35732,56159
35733,60247
35734,15515
35735,84862
35736,69964
35737,0
35738,97360
35739,63866
35740,91229
35741,58561
35742,627563
35743,175970
35744,68163
35745,58115
35746,73212
35747,499625
35748,92025
35749,150804
35750,30598
35751,0
35752,41205
35753,131248
35754,49642
35755,83503
35756,0
35757,368670
35758,102142
35759,115329
35760,59110
35761,238414
35762,5243
35763,181568
35764,8513
35765,10869
35766,239343
35767,0
35768,240108
35769,27775
35770,56650
35771,499618
35772,21345
35773,621890
35774,71194
35775,202626
35776,73195
35777,20151
35778,3080
35779,0
35780,30613
35781,80097
35782,103483
35783,499640
35784,0
35785,7866
35786,82941
35787,624718
35788,0
35789,93871
35790,109840
35791,8981
35792,151084
35793,238332
35794,85993
35795,42033
35796,110770
35797,34174
35798,59074
35799,238415
35800,98656
35801,385399
35802,101695
35803,368702
35804,76710
35805,87272
35806,9881
35807,40470
35808,0
35809,0
35810,17541
35811,239798
35812,39966
35813,73195
35814,0
35815,88421
35816,78090
35817,23486
35818,18114
35819,12761
35820,91873
35821,10609
35822,82706
35823,23875
35824,27607
35825,0
35826,0
35827,33748
35828,80092
35829,239695
35830,38020
35831,192752
35832,230488
35833,103405
35834,499632
35835,60454
35836,69409
35837,114183
35838,102519
35839,0
35840,149165
35841,238414
35842,9264
35843,240114
35844,117803
35845,39228
35846,40396
35847,126283
35848,44545
35849,240108
35850,95598
35851,67333
35852,49644
35853,353708
35854,80853
35855,42602
35856,355343
35857,151082
35858,453799
35859,0
35860,34345
35861,80260
35862,16271
35863,73211
35864,0
35865,43951
35866,0
35867,0
35868,0
35869,79873
35870,122424
35871,238413
35872,60225
35873,26934
35874,99502
35875,73037
35876,499622
35877,100914
35878,53833
35879,29265
35880,0
35881,99912
35882,0
35883,49644
35884,68274
35885,12771
35886,238332
35887,20021
35888,98659
35889,63434
35890,48974
35891,0
35892,0
35893,499642
35894,0
35895,12255
35896,1402993
35897,0
35898,172364
35899,97632
35900,88386
35901,80093
35902,240108
35903,63673
35904,0
35905,1403043
35906,19858
35907,0
35908,2363
35909,0
35910,73195
35911,14981
35912,499624
35913,232580
35914,24962
35915,49573
35916,48268
35917,88913
35918,0
35919,1119604
35920,11581
35921,0
35922,80090
35923,59130
35924,0
35925,0
35926,41130
35927,60304
35928,499640
35929,40391
35930,22115
35931,53073
35932,88387
35933,443435
35934,499670
35935,16045
35936,30893
35937,0
35938,95614
35939,21758
35940,68142
35941,56656
35942,83529
35943,102662
35944,89253
35945,0
35946,30111
35947,32900
35948,0
35949,88139
35950,36146
35951,15892
35952,431747
35953,88404
35954,0
35955,63891
35956,0
35957,14296
35958,65625
35959,0
35960,0
35961,97361
35962,0
35963,89144
35964,82703
35965,64344
35966,617628
35967,40424
35968,98657
35969,64951
35970,147531
35971,82706
35972,158882
35973,57010
35974,0
35975,68274
35976,89295
35977,73319
35978,88387
35979,88443
35980,65692
35981,56652
35982,0
35983,0
35984,234445
35985,87276
35986,51425
35987,0
35988,0
35989,8967
35990,14093
35991,79526
35992,499625
35993,139089
35994,238373
35995,91829
35996,82704
35997,626821
35998,45230
35999,0
36000,82706
36001,27177
36002,57526
36003,38166
36004,97527
36005,54024
36006,48974
36007,97521
36008,239712
36009,10445
36010,102191
36011,13257
36012,73196
36013,202917
36014,453745
36015,88389
36016,11764
36017,89161
36018,626616
36019,0
36020,452516
36021,85490
36022,80832
36023,68277
36024,73280
36025,0
36026,0
36027,191808
36028,0
36029,82141
36030,71576
36031,7084
36032,21381
36033,11805
36034,38793
36035,53450
36036,234878
36037,21354
36038,146674
36039,0
36040,87314
36041,56700
36042,3963
36043,73210
36044,145420
36045,41059
36046,62587
36047,234111
36048,77843
36049,149908
36050,106944
36051,65126
36052,55952
36053,95389
36054,68277
36055,59074
36056,59479
36057,238332
36058,97345
36059,15479
36060,104345
36061,69388
36062,0
36063,49644
36064,499622
36065,150806
36066,23239
36067,0
36068,129089
36069,151867
36070,0
36071,0
36072,0
36073,83397
36074,80067
36075,98656
36076,0
36077,30659
36078,0
36079,499680
36080,0
36081,95381
36082,0
36083,0
36084,75671
36085,55752
36086,0
36087,239811
36088,238338
36089,0
36090,0
36091,88442
36092,53730
36093,98954
36094,0
36095,121334
36096,53498
36097,67522
36098,74799
36099,68274
36100,73212
36101,73211
36102,122492
36103,84048
36104,619518
36105,27025
36106,46378
36107,0
36108,102278
36109,36326
36110,0
36111,0
36112,1403046
36113,12322
36114,82143
36115,75697
36116,11269
36117,0
36118,5664
36119,32858
36120,147401
36121,68275
36122,57319
36123,41668
36124,0
36125,337766
36126,130326
36127,97791
36128,100039
36129,62455
36130,151880
36131,0
36132,138649
36133,46789
36134,67912
36135,131645
36136,38576
36137,76164
36138,7006
36139,93361
36140,608971
36141,103113
36142,51373
36143,13432
36144,0
36145,85494
36146,499622
36147,21527
36148,0
36149,38669
36150,45974
36151,499653
36152,50425
36153,30008
36154,0
36155,87314
36156,82144
36157,53100
36158,82706
36159,40040
36160,44079
36161,0
36162,0
36163,31320
36164,1403048
36165,49564
36166,197582
36167,61039
36168,74908
36169,108046
36170,89122
36171,0
36172,77512
36173,2757
36174,151824
36175,239803
36176,627561
36177,0
36178,97795
36179,0
36180,49427
36181,25720
36182,40872
36183,368670
36184,15
36185,55230
36186,368705
36187,10870
36188,14044
36189,18547
36190,499617
36191,238464
36192,95030
36193,64052
36194,5890
36195,66712
36196,32397
36197,89158
36198,234050
36199,0
36200,40835
36201,10187
36202,0
36203,499630
36204,619658
36205,51565
36206,97794
36207,5423
36208,102834
36209,0
36210,73294
36211,16695
36212,89158
36213,88135
36214,83546
36215,21762
36216,371377
36217,0
36218,0
36219,50579
36220,49644
36221,12377
36222,129933
36223,8336
36224,0
36225,1403006
36226,97387
36227,26547
36228,367347
36229,91536
36230,239615
36231,81216
36232,37183
36233,0
36234,37635
36235,37706
36236,171533
36237,0
36238,144091
36239,97888
36240,107309
36241,65314
36242,57526
36243,72859
36244,2396
36245,499622
36246,146494
36247,443832
36248,97453
36249,239470
36250,0
36251,240012
36252,63967
36253,196218
36254,121869
36255,0
36256,14592
36257,66868
36258,40712
36259,168794
36260,0
36261,111085
36262,36299
36263,80068
36264,15957
36265,173550
36266,54949
36267,95620
36268,71228
36269,105590
36270,0
36271,89159
36272,58829
36273,88403
36274,170458
36275,0
36276,239750
36277,98244
36278,164943
36279,107025
36280,78290
36281,0
36282,61451
36283,151137
36284,0
36285,67196
36286,14767
36287,41835
36288,0
36289,34174
36290,70047
36291,0
36292,619524
36293,56656
36294,81311
36295,19281
36296,128242
36297,0
36298,66531
36299,204638
36300,621455
36301,117091
36302,457787
36303,11687
36304,20208
36305,80820
36306,206031
36307,236006
36308,80850
36309,41781
36310,240107
36311,37743
36312,49644
36313,353695
36314,0
36315,82708
36316,101369
36317,151857
36318,499622
36319,29133
36320,368338
36321,453799
36322,55346
36323,50375
36324,20156
36325,72647
36326,630030
36327,56653
36328,57943
36329,149147
36330,430334
36331,96175
36332,84926
36333,5350
36334,99785
36335,53542
36336,355345
36337,82151
36338,0
36339,53488
36340,3059
36341,1403009
36342,85065
36343,68800
36344,45167
36345,0
36346,56651
36347,72387
36348,368651
36349,13296
36350,7237
36351,0
36352,38753
36353,95029
36354,35904
36355,48397
36356,0
36357,34920
36358,368656
36359,446313
36360,0
36361,87315
36362,82941
36363,7184
36364,86438
36365,49642
36366,82939
36367,89158
36368,73212
36369,0
36370,19213
36371,132800
36372,59424
36373,19372
36374,1119604
36375,54814
36376,23406
36377,239454
36378,13173
36379,368653
36380,0
36381,6661
36382,173527
36383,197580
36384,161484
36385,238378
36386,80744
36387,40145
36388,9643
36389,13252
36390,0
36391,59713
36392,151889
36393,77488
36394,368649
36395,51554
36396,13169
36397,68599
36398,30138
36399,78639
36400,82939
36401,80849
36402,81516
36403,50428
36404,0
36405,67870
36406,125245
36407,61302
36408,36473
36409,20630
36410,203952
36411,621508
36412,87261
36413,199988
36414,35611
36415,7150
36416,57505
36417,82708
36418,37043
36419,97522
36420,103112
36421,238425
36422,238338
36423,353750
36424,87260
36425,72420
36426,88440
36427,368649
36428,100038
36429,0
36430,42538
36431,0
36432,97391
36433,238322
36434,50428
36435,61898
36436,332067
36437,116204
36438,22195
36439,499637
36440,47361
36441,231905
36442,0
36443,83352
36444,0
36445,85315
36446,171672
36447,499625
36448,33743
36449,0
36450,0
36451,125155
36452,624636
36453,45203
36454,499595
36455,63057
36456,63969
36457,19888
36458,0
36459,74548
36460,57430
36461,625055
36462,238373
36463,231517
36464,116668
36465,0
36466,82705
36467,87258
36468,34332
36469,106946
36470,72077
36471,11769
36472,8959
36473,230867
36474,88400
36475,130367
36476,49642
36477,68654
36478,36866
36479,240030
36480,0
36481,151100
36482,82140
36483,47795
36484,0
36485,632306
36486,7876
36487,73212
36488,33326
36489,88403
36490,57145
36491,104333
36492,82706
36493,89625
36494,0
36495,6259
36496,83139
36497,232576
36498,0
36499,8332
36500,101368
36501,13649
36502,164612
36503,0
36504,63275
36505,49438
36506,0
36507,75087
36508,626072
36509,0
36510,158980
36511,49642
36512,620957
36513,66988
36514,68338
36515,53330
36516,239708
36517,0
36518,83535
36519,57642
36520,13170
36521,76239
36522,49427
36523,97702
36524,87261
36525,0
36526,1402997
36527,0
36528,0
36529,103115
36530,79214
36531,0
36532,112331
36533,55607
36534,5094
36535,156154
36536,1090
36537,58034
36538,437434
36539,162378
36540,56653
36541,0
36542,73914
36543,68277
36544,82708
36545,0
36546,100135
36547,42492
36548,38149
36549,97791
36550,49644
36551,63968
36552,239851
36553,52594
36554,98659
36555,49642
36556,238425
36557,35188
36558,499616
36559,40104
36560,232579
36561,55883
36562,239854
36563,0
36564,17534
36565,65207
36566,1403046
36567,5754
36568,0
36569,45962
36570,54405
36571,152130
36572,0
36573,0
36574,103068
36575,0
36576,82706
36577,368651
36578,238470
36579,87271
36580,0
36581,238410
36582,68234
36583,147400
36584,0
36585,238466
36586,368880
36587,73782
36588,35266
36589,0
36590,26730
36591,80577
36592,62270
36593,368651
36594,239800
36595,194561
36596,44263
36597,75094
36598,103108
36599,353707
36600,103112
36601,20062
36602,88177
36603,499643
36604,42925
36605,81683
36606,75026
36607,62979
36608,0
36609,69740
36610,79364
36611,0
36612,21206
36613,158975
36614,238413
36615,28874
36616,4576
36617,8542
36618,36470
36619,82709
36620,621455
36621,39866
36622,13575
36623,238415
36624,238467
36625,0
36626,90057
36627,123585
36628,57806
36629,0
36630,55478
36631,99835
36632,2927
36633,102196
36634,26939
36635,47048
36636,48194
36637,0
36638,39199
36639,88387
36640,1402995
36641,10422
36642,204641
36643,0
36644,13161
36645,15780
36646,83547
36647,68606
36648,32715
36649,626087
36650,240031
36651,0
36652,124117
36653,49644
36654,73201
36655,47846
36656,80095
36657,30553
36658,118053
36659,5994
36660,15329
36661,83142
36662,122950
36663,38289
36664,50403
36665,99585
36666,88135
36667,19377
36668,239709
36669,13043
36670,219069
36671,7596
36672,0
36673,0
36674,60386
36675,0
36676,0
36677,0
36678,125049
36679,0
36680,106858
36681,97792
36682,0
36683,82141
36684,88403
36685,18705
36686,69388
36687,16275
36688,120785
36689,0
36690,39093
36691,238415
36692,38565
36693,44941
36694,177108
36695,356458
36696,89144
36697,56656
36698,0
36699,131146
36700,83529
36701,70462
36702,0
36703,0
36704,80851
36705,87317
36706,11752
36707,239695
36708,3931
36709,0
36710,0
36711,238332
36712,152881
36713,86763
36714,107947
36715,0
36716,0
36717,133021
36718,443546
36719,0
36720,74846
36721,337770
36722,0
36723,69212
36724,0
36725,52981
36726,30265
36727,13144
36728,87314
36729,619914
36730,82939
36731,6312
36732,0
36733,0
36734,41002
36735,0
36736,34388
36737,369219
36738,154293
36739,103113
36740,41218
36741,368651
36742,99426
36743,0
36744,0
36745,82139
36746,68876
36747,113881
36748,1119618
36749,0
36750,111264
36751,0
36752,126870
36753,13398
36754,0
36755,11751
36756,9133
36757,0
36758,100136
36759,353707
36760,19181
36761,0
36762,82708
36763,66485
36764,619192
36765,16123
36766,3873
36767,2911
36768,54307
36769,368674
36770,27501
36771,0
36772,89158
36773,238324
36774,624718
36775,0
36776,0
36777,27890
36778,0
36779,96612
36780,21353
36781,234794
36782,0
36783,130240
36784,0
36785,87261
36786,28473
36787,56118
36788,88441
36789,20189
36790,80057
36791,82141
36792,95752
36793,61102
36794,239709
36795,5038
36796,48974
36797,234051
36798,617615
36799,0
36800,0
36801,55296
36802,56700
36803,107389
36804,44592
36805,99041
36806,449491
36807,0
36808,368649
36809,36698
36810,40165
36811,499640
36812,499640
36813,71562
36814,0
36815,453136
36816,0
36817,103045
36818,0
36819,15671
36820,28684
36821,92428
36822,85063
36823,0
36824,0
36825,162832
36826,337769
36827,44022
36828,762
36829,251443
36830,82144
36831,85063
36832,53383
36833,0
36834,12777
36835,499636
36836,82139
36837,239814
36838,88404
36839,12353
36840,625059
36841,40816
36842,87262
36843,8310
36844,55571
36845,104144
36846,12073
36847,2208
36848,9755
36849,42394
36850,387237
36851,35238
36852,14202
36853,40834
36854,68713
36855,217734
36856,75677
36857,15760
36858,131297
36859,59075
36860,88405
36861,0
36862,0
36863,62574
36864,0
36865,103110
36866,14331
36867,81939
36868,0
36869,1119601
36870,437429
36871,94988
36872,238415
36873,32885
36874,69324
36875,55346
36876,240167
36877,230458
36878,5090
36879,74361
36880,368670
36881,124121
36882,76313
36883,251268
36884,0
36885,499622
36886,42097
36887,37183
36888,12320
36889,87030
36890,77858
36891,0
36892,0
36893,73884
36894,10891
36895,52033
36896,64878
36897,83532
36898,99119
36899,18534
36900,87124
36901,625043
36902,0
36903,21387
36904,25361
36905,230968
36906,100059
36907,65392
36908,0
36909,151103
36910,62467
36911,0
36912,15246
36913,64860
36914,164626
36915,57015
36916,47996
36917,64261
36918,0
36919,15919
36920,31714
36921,101881
36922,87131
36923,78772
36924,82708
36925,368708
36926,53535
36927,155374
36928,239856
36929,103514
36930,82143
36931,6141
36932,152079
36933,5245
36934,63889
36935,0
36936,1119604
36937,205523
36938,48901
36939,58865
36940,37431
36941,621469
36942,6831
36943,360153
36944,88874
36945,35698
36946,10198
36947,75665
36948,239857
36949,76288
36950,21664
36951,117212
36952,0
36953,0
36954,627567
36955,56203
36956,23763
36957,1076
36958,72453
36959,0
36960,65732
36961,103065
36962,20971
36963,56652
36964,16533
36965,59231
36966,55826
36967,52058
36968,368652
36969,215742
36970,122748
36971,104348
36972,72456
36973,48974
36974,368655
36975,67096
36976,152601
36977,208887
36978,22346
36979,239724
36980,454097
36981,240167
36982,14837
36983,37688
36984,49642
36985,45406
36986,143220
36987,48974
36988,211705
36989,0
36990,0
36991,47006
36992,238377
36993,0
36994,82939
36995,0
36996,239806
36997,48974
36998,93458
36999,12147
37000,34891
37001,19854
37002,57964
37003,65936
37004,73298
37005,206027
37006,0
37007,0
37008,14777
37009,48756
37010,32398
37011,60721
37012,114603
37013,13962
37014,35583
37015,64250
37016,117209
37017,89160
37018,100064
37019,7690
37020,59074
37021,80095
37022,71444
37023,238411
37024,0
37025,102199
37026,46932
37027,624638
37028,87271
37029,51173
37030,234737
37031,82706
37032,0
37033,163217
37034,37430
37035,35962
37036,104349
37037,65270
37038,37504
37039,67703
37040,38995
37041,0
37042,103110
37043,82939
37044,11921
37045,149605
37046,71980
37047,69390
37048,11185
37049,385416
37050,200795
37051,20933
37052,46842
37053,20647
37054,0
37055,187397
37056,36513
37057,30029
37058,50768
37059,5304
37060,38116
37061,38998
37062,63086
37063,83303
37064,0
37065,49354
37066,69715
37067,630352
37068,12031
37069,27922
37070,172365
37071,0
37072,16692
37073,38127
37074,0
37075,61724
37076,41810
37077,62416
37078,0
37079,367336
37080,239329
37081,87311
37082,87314
37083,499584
37084,87260
37085,239811
37086,131634
37087,21367
37088,83142
37089,177067
37090,239814
37091,102726
37092,64394
37093,97310
37094,60825
37095,0
37096,625814
37097,195879
37098,0
37099,40616
37100,65234
37101,60799
37102,625793
37103,46998
37104,353695
37105,234816
37106,32853
37107,67962
37108,238467
37109,0
37110,47226
37111,174013
37112,56876
37113,49642
37114,0
37115,36600
37116,0
37117,82144
37118,87311
37119,148762
37120,103110
37121,234796
37122,0
37123,621852
37124,75927
37125,88446
37126,39856
37127,0
37128,15197
37129,17121
37130,368670
37131,61446
37132,132853
37133,40416
37134,0
37135,499668
37136,0
37137,24724
37138,98654
37139,0
37140,238411
37141,59950
37142,103112
37143,15550
37144,59457
37145,499676
37146,72195
37147,43920
37148,57810
37149,63435
37150,0
37151,12067
37152,0
37153,0
37154,48974
37155,67555
37156,25448
37157,13652
37158,499658
37159,83139
37160,20933
37161,65377
37162,82708
37163,88387
37164,78417
37165,21847
37166,0
37167,31714
37168,46844
37169,59383
37170,97793
37171,82707
37172,48592
37173,75931
37174,0
37175,0
37176,83140
37177,368651
37178,0
37179,49642
37180,40105
37181,20946
37182,103112
37183,12786
37184,29522
37185,11483
37186,46566
37187,240113
37188,624633
37189,47863
37190,47456
37191,233661
37192,11205
37193,73336
37194,39385
37195,66763
37196,77856
37197,0
37198,2266
37199,88137
37200,120729
37201,48974
37202,13058
37203,68547
37204,0
37205,82939
37206,62813
37207,67047
37208,131248
37209,68601
37210,87205
37211,238468
37212,131302
37213,5998
37214,107016
37215,73250
37216,73265
37217,18631
37218,83139
37219,146314
37220,0
37221,624393
37222,230530
37223,54998
37224,499638
37225,499618
37226,91832
37227,103302
37228,0
37229,624639
37230,98654
37231,209818
37232,104349
37233,37536
37234,143221
37235,181916
37236,80130
37237,7624
37238,56550
37239,32755
37240,100040
37241,170645
37242,115116
37243,236774
37244,77731
37245,238318
37246,64000
37247,230487
37248,49768
37249,1944296
37250,238414
37251,66452
37252,192939
37253,239329
37254,68236
37255,82710
37256,151881
37257,73423
37258,0
37259,47800
37260,11755
37261,15516
37262,45381
37263,19322
37264,85406
37265,51192
37266,0
37267,103113
37268,11631
37269,53194
37270,55119
37271,88390
37272,368650
37273,630364
37274,20834
37275,87338
37276,24729
37277,0
37278,24948
37279,109503
37280,0
37281,369213
37282,100062
37283,45925
37284,82708
37285,240028
37286,353693
37287,0
37288,32912
37289,353708
37290,103806
37291,38017
37292,61697
37293,103110
37294,2580
37295,55349
37296,238414
37297,75677
37298,128163
37299,5138
37300,0
37301,239465
37302,60392
37303,70358
37304,97362
37305,0
37306,368340
37307,74751
37308,127820
37309,8941
37310,14267
37311,131146
37312,117144
37313,14049
37314,0
37315,0
37316,99783
37317,622672
37318,72162
37319,196215
37320,114613
37321,71741
37322,19722
37323,37859
37324,117689
37325,38668
37326,0
37327,230951
37328,97939
37329,66712
37330,117748
37331,146566
37332,48659
37333,73917
37334,238411
37335,26425
37336,0
37337,368706
37338,238411
37339,0
37340,131112
37341,0
37342,83138
37343,108534
37344,132801
37345,97493
37346,499622
37347,45714
37348,16817
37349,82941
37350,36695
37351,0
37352,103110
37353,76168
37354,50903
37355,43158
37356,499642
37357,196278
37358,0
37359,31518
37360,56119
37361,0
37362,0
37363,49643
37364,368649
37365,46562
37366,83301
37367,66648
37368,229191
37369,45201
37370,429864
37371,623972
37372,97887
37373,15134
37374,1119602
37375,29649
37376,53388
37377,69707
37378,49642
37379,451986
37380,50070
37381,103737
37382,0
37383,12091
37384,3908
37385,105909
37386,203050
37387,20526
37388,0
37389,0
37390,50797
37391,232808
37392,95495
37393,94989
37394,235259
37395,240176
37396,48212
37397,12852
37398,1119606
37399,89160
37400,89744
37401,0
37402,22476
37403,126723
37404,38590
37405,47313
37406,54477
37407,138167
37408,356454
37409,37568
37410,109984
37411,626085
37412,1403007
37413,21470
37414,53939
37415,141650
37416,337754
37417,0
37418,630368
37419,131640
37420,24397
37421,157927
37422,133292
37423,49438
37424,0
37425,0
37426,70474
37427,88401
37428,0
37429,41538
37430,238332
37431,627569
37432,37946
37433,126545
37434,499625
37435,0
37436,177983
37437,11765
37438,65689
37439,98659
37440,16710
37441,11766
37442,104382
37443,97361
37444,1119602
37445,368649
37446,630354
37447,0
37448,0
37449,47685
37450,62586
37451,44396
37452,97430
37453,77204
37454,627577
37455,53536
37456,0
37457,68273
37458,80090
37459,42926
37460,55960
37461,103065
37462,87673
37463,624341
37464,10352
37465,0
37466,128159
37467,55891
37468,621456
37469,31996
37470,76719
37471,17504
37472,88387
37473,15515
37474,215728
37475,8965
37476,123281
37477,194558
37478,624133
37479,337754
37480,239819
37481,110735
37482,451820
37483,48113
37484,452869
37485,0
37486,620423
37487,428960
37488,20164
37489,0
37490,84873
37491,63246
37492,39119
37493,88400
37494,97354
37495,97700
37496,239695
37497,57354
37498,170649
37499,85433
37500,103110
37501,101000
37502,0
37503,17802
37504,238414
37505,499592
37506,151844
37507,26846
37508,0
37509,91878
37510,620422
37511,89513
37512,0
37513,499619
37514,72164
37515,45799
37516,0
37517,3751
37518,54575
37519,371393
37520,68274
37521,97366
37522,0
37523,103109
37524,202580
37525,233735
37526,0
37527,103112
37528,239696
37529,50137
37530,0
37531,50425
37532,74229
37533,176132
37534,16772
37535,82708
37536,89117
37537,61915
37538,103111
37539,0
37540,620421
37541,49642
37542,232998
37543,94695
37544,0
37545,60625
37546,0
37547,0
37548,71176
37549,95397
37550,57272
37551,48268
37552,0
37553,104347
37554,63892
37555,15138
37556,73195
37557,5318
37558,53322
37559,1403049
37560,82703
37561,238335
37562,6670
37563,144825
37564,37492
37565,0
37566,10072
37567,173578
37568,74797
37569,132856
37570,368651
37571,114812
37572,20630
37573,63789
37574,44993
37575,5903
37576,0
37577,89161
37578,104346
37579,89159
37580,76204
37581,0
37582,34541
37583,45851
37584,0
37585,49573
37586,16629
37587,104329
37588,240123
37589,123281
37590,82706
37591,0
37592,99079
37593,624395
37594,82141
37595,0
37596,55793
37597,16366
37598,49642
37599,11470
37600,70470
37601,66472
37602,83142
37603,152602
37604,13827
37605,81285
37606,104346
37607,426
37608,141420
37609,0
37610,38586
37611,0
37612,14272
37613,93318
37614,353707
37615,97399
37616,0
37617,81379
37618,48150
37619,64958
37620,70003
37621,80092
37622,80092
37623,100305
37624,51445
37625,82149
37626,71900
37627,499632
37628,0
37629,172610
37630,49642
37631,33330
37632,239385
37633,621470
37634,0
37635,0
37636,37998
37637,22211
37638,0
37639,239385
37640,103110
37641,5906
37642,80092
37643,0
37644,238414
37645,61768
37646,82708
37647,8332
37648,98200
37649,45822
37650,98657
37651,162968
37652,39106
37653,429150
37654,0
37655,21381
37656,630045
37657,478789
37658,918
37659,7836
37660,0
37661,88389
37662,69213
37663,230039
37664,100175
37665,0
37666,71963
37667,58491
37668,30002
37669,239805
37670,11767
37671,95253
37672,34174
37673,0
37674,46944
37675,82791
37676,56127
37677,97381
37678,445310
37679,0
37680,0
37681,2274
37682,1119654
37683,624634
37684,37999
37685,110012
37686,0
37687,105908
37688,28951
37689,88440
37690,9485
37691,0
37692,28240
37693,65939
37694,0
37695,52104
37696,151821
37697,187135
37698,67945
37699,441998
37700,620421
37701,8486
37702,0
37703,16753
37704,231723
37705,78647
37706,630610
37707,4386
37708,71561
37709,34956
37710,117293
37711,0
37712,97794
37713,63712
37714,0
37715,81715
37716,13362
37717,73597
37718,0
37719,238412
37720,86629
37721,26056
37722,91442
37723,104332
37724,18091
37725,625055
37726,239811
37727,27607
37728,0
37729,125973
37730,100540
37731,102991
37732,13372
37733,15764
37734,0
37735,239726
37736,82140
37737,67213
37738,44876
37739,368653
37740,104329
37741,102817
37742,0
37743,24724
37744,0
37745,124628
37746,47971
37747,80089
37748,196199
37749,0
37750,15161
37751,8048
37752,108787
37753,81254
37754,36471
37755,97359
37756,83142
37757,101006
37758,38507
37759,30114
37760,237191
37761,621748
37762,5236
37763,0
37764,84545
37765,499623
37766,0
37767,75319
37768,11755
37769,151088
37770,0
37771,83990
37772,150858
37773,157209
37774,91011
37775,239342
37776,41100
37777,358779
37778,66385
37779,0
37780,56119
37781,617624
37782,81281
37783,103112
37784,73101
37785,63860
37786,103405
37787,48295
37788,14088
37789,89262
37790,1403049
37791,499622
37792,1403048
37793,82941
37794,79102
37795,3926
37796,369214
37797,56653
37798,56553
37799,499618
37800,10130
37801,499672
37802,88954
37803,48974
37804,57965
37805,5467
37806,0
37807,0
37808,73429
37809,88387
37810,16526
37811,71014
37812,83139
37813,102145
37814,51294
37815,128182
37816,86679
37817,17158
37818,78111
37819,150805
37820,14232
37821,369209
37822,0
37823,37318
37824,238411
37825,95609
37826,90482
37827,90764
37828,115060
37829,0
37830,584093
37831,39117
37832,63522
37833,83137
37834,82707
37835,0
37836,88401
37837,57855
37838,15800
37839,83142
37840,29786
37841,0
37842,0
37843,33867
37844,64647
37845,62907
37846,38116
37847,238411
37848,368341
37849,39867
37850,45065
37851,35694
37852,60929
37853,235868
37854,50903
37855,627570
37856,115064
37857,83542
37858,234797
37859,619917
37860,98002
37861,0
37862,7876
37863,48974
37864,626070
37865,80092
37866,37556
37867,64000
37868,0
37869,0
37870,0
37871,80091
37872,106477
37873,5551
37874,49365
37875,453746
37876,4446
37877,0
37878,234812
37879,151087
37880,52753
37881,86778
37882,47742
37883,82143
37884,11664
37885,126063
37886,115136
37887,59074
37888,0
37889,630353
37890,368650
37891,0
37892,30973
37893,125594
37894,151886
37895,154333
37896,158168
37897,69216
37898,85200
37899,93846
37900,0
37901,56119
37902,623975
37903,196281
37904,74537
37905,41033
37906,71794
37907,75130
37908,12894
37909,0
37910,99489
37911,239815
37912,3832
37913,80090
37914,5449
37915,226482
37916,28248
37917,0
37918,0
37919,69993
37920,68275
37921,60360
37922,2394
37923,626087
37924,68276
37925,368702
37926,71251
37927,55764
37928,0
37929,0
37930,1403049
37931,75677
37932,499617
37933,236151
37934,239383
37935,0
37936,0
37937,82708
37938,10060
37939,104333
37940,85063
37941,0
37942,58829
37943,64099
37944,49131
37945,0
37946,122724
37947,74789
37948,82293
37949,2905
37950,238469
37951,8419
37952,52295
37953,52558
37954,238318
37955,238323
37956,18790
37957,0
37958,39421
37959,0
37960,73249
37961,50530
37962,239724
37963,148762
37964,10997
37965,94695
37966,95299
37967,137211
37968,103414
37969,21609
37970,499638
37971,25023
37972,0
37973,15760
37974,414538
37975,0
37976,68274
37977,41815
37978,89158
37979,369209
37980,0
37981,72233
37982,121515
37983,82708
37984,41108
37985,77974
37986,81672
37987,97565
37988,11747
37989,27958
37990,151833
37991,73249
37992,97794
37993,0
37994,369210
37995,617613
37996,11878
37997,80868
37998,619151
37999,97567
38000,1403048
38001,151885
38002,96174
38003,238417
38004,28247
38005,111536
38006,97427
38007,0
38008,621849
38009,79590
38010,70121
38011,71426
38012,230047
38013,103047
38014,81447
38015,73763
38016,27605
38017,104342
38018,76167
38019,170203
38020,0
38021,79485
38022,0
38023,103119
38024,0
38025,65322
38026,50572
38027,36416
38028,11658
38029,19985
38030,0
38031,44385
38032,36907
38033,239735
38034,47781
38035,368704
38036,114006
38037,82140
38038,89157
38039,103109
38040,240110
38041,0
38042,9529
38043,27958
38044,123434
38045,117207
38046,115594
38047,30232
38048,238413
38049,50531
38050,0
38051,82141
38052,0
38053,98658
38054,97395
38055,40835
38056,98845
38057,0
38058,240108
38059,238468
38060,0
38061,238466
38062,499618
38063,0
38064,38671
38065,72647
38066,17828
38067,239815
38068,48679
38069,499600
38070,0
38071,55826
38072,57969
38073,0
38074,56652
38075,49731
38076,104206
38077,136043
38078,86629
38079,71982
38080,619918
38081,27611
38082,39119
38083,0
38084,621455
38085,79605
38086,0
38087,11
38088,80077
38089,119435
38090,0
38091,54371
38092,73432
38093,453760
38094,15761
38095,79104
38096,499695
38097,98658
38098,617612
38099,60745
38100,368705
38101,234374
38102,84463
38103,52956
38104,2270
38105,7062
38106,40124
38107,60355
38108,12858
38109,73249
38110,836920
38111,499632
38112,499622
38113,25764
38114,0
38115,499636
38116,0
38117,82708
38118,0
38119,499655
38120,83545
38121,98654
38122,27954
38123,19387
38124,238426
38125,48046
38126,79605
38127,27953
38128,474832
38129,62572
38130,358777
38131,32708
38132,499618
38133,0
38134,0
38135,9530
