ID,y
1,71.34112
2,97.85516953
3,79.6983795
4,80.30686948
5,121.6905432
8,94.65912865
10,113.3064485
11,95.75952826
12,109.30903
14,95.46069766
15,116.7786851
16,105.5182794
17,102.5538906
19,95.37200668
20,105.4925617
21,105.1507606
22,117.1952299
23,115.21953
26,96.68328263
28,92.00675
29,96.27996377
33,96.21827978
35,94.97753109
41,96.83457396
42,87.73572
43,129.79876
45,99.55671
46,103.5652107
51,94.04931219
53,80.45588392
55,112.5761472
56,94.57435829
57,116.02167
58,95.71485721
59,104.2710053
63,112.1906299
64,94.95387277
65,105.1433153
69,94.52875929
71,95.20497605
72,104.2111158
73,94.34400952
76,104.230705
77,104.1265195
78,115.9609646
82,94.4102769
83,105.1193652
84,94.17153485
85,104.0967754
87,112.2864759
88,90.33211
89,130.55165
91,94.94568558
93,105.79792
94,103.04672
95,96.78584865
96,111.5470953
97,94.21914382
98,112.7281559
99,94.12349558
101,104.2858295
103,112.8129028
104,92.37968
105,111.8628523
110,94.68418981
111,112.4597832
113,112.6664634
114,93.56042118
115,115.1275913
117,112.8129016
120,94.11209465
121,112.4938095
122,93.61120104
123,112.9703294
126,112.2883953
132,112.0984117
135,104.6997385
137,104.4261225
138,94.58563381
140,94.41062441
142,113.5777828
144,112.3393734
148,93.81543774
149,114.7034782
155,93.91059556
156,112.4975984
157,94.40827909
162,112.4673931
163,94.4443779
167,94.32379184
172,116.1648513
179,112.948207
180,93.31691212
181,111.8616252
182,94.90682077
183,112.8128961
185,112.8128959
187,112.1062154
188,94.18797793
189,93.92463546
191,94.19498967
192,113.1569239
193,94.74534437
194,112.0538162
195,93.79152326
196,112.5535871
198,94.73304946
199,112.3139018
201,104.3558633
204,94.46415304
205,105.1265786
206,94.29337031
210,94.27692863
211,104.2858202
216,112.5408215
219,115.5787625
220,93.5781041
221,111.9422798
226,111.8616214
227,93.92103875
228,112.2752412
230,112.3185531
231,93.61295425
235,116.3288637
236,94.15477221
238,113.4646325
242,104.5467469
243,94.61821917
244,80.50818487
245,112.0868403
247,117.5858552
248,93.75033565
249,94.32623786
250,111.8299128
251,94.15477094
253,116.3541994
254,93.7153159
256,94.44692213
257,93.23007853
258,112.5690103
259,94.19915044
262,79.4241916
266,93.80494582
267,114.7394027
272,103.8465613
273,112.7817606
275,93.88593488
276,113.5435248
279,94.60052765
280,104.8587819
283,94.17195641
285,112.4245818
288,112.7817593
289,94.77253597
290,104.38072
291,94.42875295
292,111.4017693
293,112.3905235
296,93.26630724
297,112.2428792
298,115.8552561
299,94.41926894
304,93.59308196
305,87.74759379
306,94.16997169
307,111.8182338
311,109.2341117
313,111.8551138
314,93.83593921
316,94.43700374
324,95.31976523
327,94.51760038
329,93.85505038
330,112.0253776
337,103.8660823
338,94.88096561
339,104.7861637
340,94.7617719
343,93.88338937
345,115.5635847
346,94.43110709
347,114.7285164
349,112.1350608
350,93.79738634
352,112.4699711
353,93.9856055
354,78.52184926
357,94.02448167
358,112.62899
362,114.4561338
364,116.3321656
365,110.5908991
366,94.14722912
367,112.232009
368,94.52843214
370,79.22320362
373,94.81888037
377,93.93777106
378,112.3811627
382,104.2111632
384,112.2752281
390,94.01921461
392,112.1645707
393,112.2269586
395,94.688609
396,104.6838643
399,78.95600457
406,111.8605763
408,111.8605761
409,94.05232531
410,79.80958877
412,111.9980745
413,93.00885873
419,94.2310652
420,112.822924
421,93.109032
430,103.0572548
434,94.06783384
436,94.6271274
437,85.9696
438,93.63660017
439,112.8821189
440,94.15396998
443,112.7476581
446,94.48871457
448,94.39701052
452,94.53456054
453,104.1232256
457,104.2253104
458,94.30927164
459,114.4792959
460,104.1444488
462,104.6855665
464,104.4868274
465,115.5961292
467,117.6431692
471,112.0063228
472,78.24262238
473,94.03331725
475,94.55388241
480,94.68420492
488,112.7540096
490,111.8182184
491,103.9973903
492,79.23031734
493,94.08960236
497,93.57030714
498,112.5971103
499,94.39048689
500,110.1045707
501,94.3271971
502,114.4309646
506,80.31353462
510,112.1124901
511,93.52495304
512,93.63037982
516,93.99432066
518,93.81999948
519,114.5776917
521,93.85239515
522,112.8489786
526,112.1568766
529,95.20369418
532,111.8191228
533,94.25369281
536,113.0759889
537,100.1738574
539,94.33248804
540,104.1531555
541,94.17742727
543,94.04154901
546,112.404464
547,93.99253746
548,79.63394394
551,94.12793597
552,104.1605375
556,103.7176831
557,94.71954542
558,112.2319929
559,94.56607553
560,104.9221343
562,105.0803907
566,94.44697337
570,112.5971042
571,94.40921482
572,104.8798907
573,94.29751125
575,115.59612
576,111.4462248
577,93.6585725
579,93.82599868
580,111.6196177
581,111.9150868
589,111.8182101
591,103.3838671
593,94.50855388
594,103.2825544
595,94.63561508
598,94.03227466
602,111.6105445
604,112.4187795
606,112.7369757
608,93.97759205
609,104.2965365
610,94.06407377
616,112.2734919
617,94.23679726
618,104.1332011
620,104.3427278
622,112.5615163
623,93.11830064
624,122.2514534
626,111.987221
628,112.1224213
629,94.18254889
630,112.3185194
637,94.51057644
638,104.4658801
643,94.70106802
645,94.68419102
646,115.0541583
648,94.93888285
652,94.39359204
653,94.39586411
654,112.6038263
656,112.3820167
657,94.56237467
659,94.21026871
660,104.7033381
663,93.80412656
664,112.5715683
666,103.6996551
668,111.695004
669,94.21550339
671,94.73439025
675,93.86800264
677,94.51580495
678,111.4990658
679,104.4155565
682,94.58771341
685,103.8813612
687,94.18985089
688,94.08945181
693,112.0194724
696,95.05567813
698,94.13854787
701,96.3497311
704,104.0144426
705,116.0221954
709,112.5500497
710,93.94709752
711,104.0262395
712,94.75684889
714,111.9905705
715,94.00550531
716,111.8262713
717,93.96307202
720,115.5662234
721,94.16695279
724,108.2051603
725,94.38149045
726,112.8571771
728,112.6402885
731,94.25878813
734,104.890441
738,94.0912754
745,112.1083657
746,93.73257111
751,80.2793332
754,94.05211049
756,94.16750795
758,94.28337625
759,113.678376
761,115.8581392
766,94.48372185
767,111.667495
768,93.15193406
769,112.3771778
770,96.28047907
771,79.33512173
772,104.961387
773,94.1471052
774,112.3095962
776,112.2634382
777,94.27359262
780,116.5098166
782,104.2027179
787,103.5401992
788,94.35284518
792,93.23847989
793,112.0638001
798,94.46693966
800,93.8602731
806,111.8262637
809,112.8253785
811,113.3936995
812,92.88584418
814,115.6323166
816,104.3084825
817,94.54336398
818,107.3123401
820,112.3582221
823,94.33476886
829,93.34359505
830,112.9949499
831,93.05132493
834,112.1610697
839,94.43114965
841,79.50959829
844,104.3481824
845,93.98000094
848,93.71632717
850,96.37506913
851,104.2119354
852,95.46848905
854,93.79541418
855,94.72626549
856,103.7595021
859,103.7844625
861,112.3095889
864,93.96367201
865,112.2513
866,94.18111715
867,94.02104624
869,94.59780094
871,93.61674284
872,111.8352303
882,103.6346889
883,94.07907228
885,94.59954796
888,94.90846805
893,111.9205939
901,111.6201408
903,104.1587624
904,94.27263124
905,104.513857
910,94.69815339
911,112.2564154
914,112.8277118
918,113.1170487
921,93.22134152
928,94.26008349
929,104.5143962
932,94.58345075
933,104.5445314
934,94.69815137
935,112.2492265
937,79.69724311
939,94.53786739
940,103.3835247
941,94.76992353
942,103.5178279
943,94.121178
944,104.3641276
947,111.8658408
949,112.382076
951,112.3392901
952,94.80278939
953,104.1698666
954,78.73418705
957,112.3632383
959,93.06903604
960,115.9652766
963,115.729739
965,111.8449652
967,104.0473302
971,94.31663578
972,78.57027592
973,94.13711328
974,112.4519973
975,95.19223897
978,117.0944153
980,112.3044137
981,94.54536036
984,113.0888601
986,94.69814699
988,93.15631769
989,112.383278
990,103.7441158
992,111.6760108
996,94.48131496
999,113.2332223
1000,94.39536187
1001,111.65212
1002,93.1240828
1003,112.3502416
1004,93.22150885
1008,111.906897
1009,94.22893321
1010,104.5771165
1012,115.8002637
1013,93.77149286
1014,112.9156856
1015,94.91546692
1016,116.0909253
1019,95.16934231
1020,113.2631735
1021,94.72876843
1022,104.1841017
1024,94.72876818
1025,79.81937069
1027,94.66757255
1028,105.1727455
1029,95.85141411
1030,94.15390282
1033,112.5036967
1036,94.39438613
1037,112.1783332
1038,94.04735938
1042,94.72706007
1043,103.9663717
1044,94.22181915
1045,112.0524628
1047,114.9214308
1050,93.89300778
1051,111.9347407
1054,94.32683773
1056,94.55647007
1057,94.03138154
1059,94.79896569
1062,104.1773583
1063,104.2301779
1064,94.55646939
1066,94.38148527
1070,104.5695632
1076,112.2921147
1077,102.6378142
1078,111.9840091
1080,112.4180909
1082,111.9027983
1083,94.60039194
1089,113.0804171
1091,94.98315036
1093,94.38885235
1097,94.26522974
1099,93.61550639
1101,94.78436472
1103,95.64991557
1104,112.2827969
1106,112.0966471
1109,94.34144644
1110,112.2089667
1111,94.41107711
1112,112.5650647
1114,94.08825466
1116,94.27237985
1117,112.5214215
1120,94.35171154
1124,112.4951289
1125,93.8997717
1126,112.5997201
1134,112.2247041
1137,94.08861426
1138,112.3126554
1144,111.6524224
1145,94.59801689
1146,93.94786103
1148,95.6348361
1150,94.38897861
1152,104.4035993
1153,94.74087519
1154,103.897816
1155,94.61424233
1157,94.30650642
1162,94.98046031
1165,112.361138
1166,93.93000743
1167,104.1941297
1168,94.88006984
1169,103.7882434
1171,116.3672523
1172,94.85486961
1173,103.7882431
1174,94.45617636
1176,94.91572895
1177,104.1724797
1178,94.1001114
1182,112.4364387
1186,94.77547695
1187,112.9187627
1188,94.44746617
1189,116.4467176
1191,104.6803775
1192,95.49518251
1197,112.399679
1198,93.61344581
1200,78.91468942
1201,94.46021005
1203,94.82978075
1209,115.7765323
1214,104.3609002
1218,112.0603192
1222,94.28295908
1226,94.59736483
1228,94.08808404
1230,94.11547636
1232,79.17053376
1233,94.64084662
1236,114.8703713
1238,94.81414979
1241,111.7283725
1244,104.9491319
1246,94.7615795
1247,112.2208112
1250,112.5904933
1251,93.78038006
1254,112.9713981
1255,94.20329247
1256,111.318521
1257,93.50094464
1258,94.48062088
1259,111.9252627
1260,94.5642007
1263,112.1364364
1267,79.21043421
1268,111.2624431
1271,95.18346932
1272,112.0624076
1274,104.8211509
1275,94.83538549
1276,112.0019215
1277,94.20984536
1279,94.01583537
1281,94.79327136
1282,94.39894293
1283,112.2304594
1285,112.3676891
1286,94.20498764
1289,112.4885308
1296,112.3274432
1299,94.30901001
1301,94.54465903
1306,93.82840256
1307,94.09497358
1308,94.12335556
1313,112.0019184
1314,94.78801892
1315,112.2281221
1316,94.14049736
1317,112.0479233
1319,93.77519407
1323,94.82758944
1324,104.9085123
1325,94.34248488
1328,103.8197192
1329,94.25471979
1330,112.4768467
1331,94.300599
1332,104.7086165
1337,94.88815993
1338,112.1182264
1339,93.97882926
1340,112.2424785
1343,112.9102792
1347,104.7033787
1348,94.18164005
1349,104.3099708
1352,94.03625311
1354,96.11948825
1359,112.6728587
1360,94.87597957
1363,112.0660774
1364,94.94910027
1365,104.1504434
1366,94.56421308
1372,94.69702588
1375,104.2011132
1376,94.1521814
1378,94.15536937
1379,112.7499215
1380,94.85010661
1381,103.9019799
1384,114.1605051
1387,94.41241904
1388,111.9423417
1392,79.32941172
1394,103.7615156
1395,94.71956117
1396,112.0432703
1398,94.19991667
1399,112.0432701
1400,94.59765153
1401,93.94243112
1403,94.43509153
1404,110.7500617
1406,112.048755
1407,94.17729554
1408,112.1781265
1410,79.41072388
1412,112.0374096
1413,94.58264254
1415,94.69377976
1420,112.1781255
1422,112.0379174
1423,107.5145849
1424,112.1781251
1425,94.81723348
1426,79.42178752
1427,94.82236137
1429,93.76182185
1430,112.5026638
1431,95.45486232
1432,104.2382582
1434,112.321328
1437,94.38613099
1438,104.4698418
1440,112.4480289
1441,112.280884
1442,94.27881536
1444,111.5588379
1445,94.94499031
1446,104.0763574
1448,93.97231602
1453,94.32922941
1454,112.0374061
1455,94.84352615
1456,112.3570421
1458,112.0374057
1459,94.13236764
1461,94.06270305
1465,94.4153269
1466,111.5329266
1469,94.84204248
1472,94.34680594
1474,95.34941589
1477,112.7343569
1479,111.9464539
1482,94.27343344
1483,79.17557819
1487,94.94998926
1488,112.6713754
1490,112.5997123
1492,111.2985118
1494,116.5433868
1496,104.7609087
1497,94.73792561
1499,95.44271744
1502,95.83597089
1507,112.4490407
1508,94.03623997
1509,112.077059
1511,94.01340574
1512,112.4312916
1513,115.2493341
1514,110.4180664
1518,112.6231169
1519,93.28293552
1522,112.0727244
1524,79.02325477
1527,94.2788082
1529,93.62839524
1532,103.7008013
1536,112.4382781
1537,115.8735734
1539,104.9926111
1542,116.4539178
1543,94.15216734
1544,104.7205048
1545,79.30798969
1550,94.33206787
1551,112.6733613
1554,104.7462993
1556,104.601426
1559,93.54972445
1560,78.84767074
1562,96.38755197
1566,93.47235417
1567,112.6373645
1569,104.0821306
1570,112.8331536
1571,112.426564
1574,94.03623442
1578,104.4508199
1580,94.24759298
1583,112.3649709
1584,94.03623357
1585,112.5314899
1586,94.65953745
1587,112.2197755
1588,93.25374843
1590,114.6724264
1592,103.6727608
1596,110.8849485
1598,111.9186271
1599,94.10856904
1604,114.4784383
1606,103.659279
1607,94.58692919
1608,103.3065432
1609,116.3256657
1611,94.53778029
1613,94.86610135
1616,94.73616414
1619,112.2192574
1620,93.01628083
1621,112.5328372
1622,94.12551041
1625,111.456826
1627,116.3256642
1629,112.3416821
1634,94.6997873
1636,94.16660115
1638,104.059054
1639,94.84057478
1641,95.11481619
1643,94.80318897
1644,103.4322329
1645,116.5939723
1646,94.30053513
1647,105.2962334
1648,94.57354058
1652,94.24118586
1653,112.3794761
1656,93.50673227
1658,94.10856408
1659,112.3720674
1661,94.59223566
1663,94.60890476
1664,112.3870054
1665,94.41950487
1666,104.5792991
1667,103.779552
1668,79.28196847
1669,103.6646771
1670,94.65072851
1672,112.2501257
1674,112.5347935
1677,112.6445879
1678,94.01014614
1679,111.883548
1680,94.64129528
1683,104.3857022
1686,104.3294599
1687,112.167137
1689,112.3957923
1690,93.92122758
1691,115.78509
1692,112.4355717
1693,94.04000857
1695,94.11218412
1696,94.35448514
1697,112.2582032
1700,104.5273782
1701,94.40485864
1702,112.2358181
1703,93.53295006
1704,112.7316141
1706,94.86422406
1707,113.263375
1708,94.56560859
1710,94.56245828
1711,104.1778747
1713,104.7458742
1717,104.0785852
1719,104.4388756
1720,94.22229709
1722,93.94711846
1725,103.6102198
1726,94.48543739
1727,104.2052245
1729,112.1543644
1730,93.93678818
1731,112.7309514
1733,104.5273754
1734,94.44356215
1735,112.150211
1738,94.86609083
1742,94.6215905
1745,112.5347876
1747,94.65737246
1749,94.74273074
1751,94.48625163
1752,79.14682046
1753,103.9267249
1754,94.77653111
1755,94.73561362
1756,104.99131
1758,112.6101878
1759,94.48597187
1760,104.5023538
1761,112.3015633
1762,93.98526381
1763,111.5446509
1764,91.2901265
1766,94.57000667
1768,94.43886024
1769,79.42368028
1771,112.2488433
1772,94.66765813
1773,104.2351981
1774,95.25691883
1775,112.2390349
1777,112.7514215
1779,94.54394595
1780,105.5469338
1787,93.61284564
1788,93.7134252
1790,94.81226001
1796,112.2300576
1801,93.46187448
1803,94.19614716
1807,112.1625365
1809,113.102855
1812,94.10928195
1813,112.8429331
1814,94.52909248
1815,112.579055
1816,94.24137004
1818,93.59668897
1820,94.22892538
1821,113.4455504
1822,94.68539131
1825,94.1257222
1826,104.1787397
1828,94.27684879
1831,103.8125677
1836,111.62993
1837,94.1135523
1841,95.31077262
1844,103.5329294
1848,95.43626714
1851,104.9840685
1852,94.68350285
1853,93.61104541
1854,112.2225988
1856,94.54138229
1859,113.3593815
1860,94.3802468
1861,79.04196935
1863,105.1005067
1865,94.74630141
1866,105.0453313
1867,94.86599769
1868,93.55580909
1872,94.70962632
1879,94.57510281
1880,104.2489502
1882,94.43711114
1885,104.354814
1887,104.0109562
1888,94.05192475
1890,117.4510427
1894,94.84822491
1895,103.6398882
1896,94.23121165
1897,112.7654266
1900,112.8111875
1901,93.50629965
1902,111.799449
1905,94.25615587
1906,111.4628517
1912,104.4197401
1915,93.79538852
1916,104.0821395
1917,94.21762908
1918,104.5127774
1920,80.30305195
1923,94.31268021
1924,104.4112
1925,95.11560863
1930,116.3375711
1932,112.155156
1933,94.45846995
1934,112.5774581
1935,93.46988169
1940,79.44722927
1941,93.94157699
1942,114.469944
1943,93.83217918
1944,93.70933274
1945,110.2208388
1948,116.0289725
1949,93.80541446
1952,94.64975709
1954,94.02843569
1955,112.2613553
1958,94.0943155
1959,79.4806021
1960,111.5863747
1963,94.9574589
1965,94.60417341
1968,104.4752241
1969,94.98578487
1971,94.77122471
1972,112.33542
1973,93.33303004
1975,93.28354562
1977,94.76794833
1978,94.34391024
1979,112.367768
1981,93.28354511
1982,112.32515
1987,112.0010758
1988,93.461668
1993,94.93740298
1997,94.06954011
1999,94.62304868
2001,94.87218746
2002,113.5275359
2003,94.20227272
2004,79.37935491
2006,113.0949539
2007,94.30139274
2009,104.7738558
2010,93.93239999
2013,94.97623535
2018,79.28883516
2022,104.6213137
2024,113.3904116
2025,94.77250953
2026,104.8671484
2030,104.8182426
2031,94.34471505
2032,104.4384525
2033,94.51375553
2035,94.19517383
2036,113.3901708
2037,93.91100245
2040,94.76467837
2043,113.2720994
2044,104.8200457
2046,103.744104
2054,111.6590076
2055,94.53486043
2056,105.4171097
2059,93.46562248
2060,93.5250088
2062,93.85635698
2063,112.2379578
2066,94.88979063
2067,112.4180739
2072,94.45000861
2073,112.1197132
2074,94.41956728
2075,112.6789782
2076,94.57393562
2080,94.624824
2082,93.52500695
2085,111.8457712
2087,112.8336937
2091,111.7159659
2092,94.77639439
2093,105.4201202
2098,94.72629814
2101,111.6726741
2102,93.58041445
2103,79.44320248
2105,105.1016549
2106,94.47568874
2107,112.5273642
2110,94.52407547
2114,94.45500536
2115,114.5203903
2117,80.5418927
2118,93.96204557
2119,103.866286
2120,94.41229936
2122,94.71064359
2123,112.1686211
2126,94.94944194
2127,104.1458947
2128,94.34730851
2129,112.4958224
2132,94.95025631
2135,104.6193749
2138,94.57853936
2139,116.1767564
2141,111.8992545
2142,94.20523194
2146,94.67642237
2151,112.2371688
2157,104.7721342
2159,113.0958031
2162,94.34295545
2164,116.0211723
2167,93.27017412
2168,111.5211411
2171,94.10744723
2173,94.59285534
2174,104.7843245
2175,94.16344297
2178,94.59553362
2180,95.69076827
2185,111.8723436
2189,93.77908426
2190,112.6278423
2192,103.5130563
2194,113.272487
2200,113.8249814
2201,94.29441914
2203,111.54218
2204,94.02384241
2205,111.8606799
2209,112.2656415
2213,104.0007023
2214,94.07613653
2215,113.1067466
2216,94.36996414
2218,94.00088747
2219,104.0468141
2220,94.85532305
2222,95.38896384
2223,112.0278503
2225,112.344554
2226,94.49931205
2230,94.48072561
2233,112.6080481
2234,111.7105386
2235,94.0238398
2236,79.6806529
2237,94.32132124
2240,113.4417031
2241,94.33894394
2248,104.7411436
2249,94.90937726
2250,112.1617516
2252,111.8132712
2253,94.23243356
2254,111.6687016
2256,80.69094182
2258,94.24735926
2259,112.8177872
2262,95.84305934
2265,94.52438982
2266,104.5724037
2269,94.37640229
2271,94.73394272
2273,93.94001242
2274,114.1140506
2275,94.35018378
2277,94.11591851
2279,94.05700107
2280,78.59025245
2282,95.56173899
2283,104.3577981
2288,93.1286273
2289,112.3233461
2291,94.23212444
2292,115.9736261
2297,95.06181376
2298,104.0487721
2299,94.95612742
2300,111.7207854
2301,93.88067088
2304,94.87603362
2305,104.1512809
2306,95.84305563
2308,94.03447975
2309,112.4547382
2311,96.68703767
2312,103.4322782
2316,103.8187233
2321,104.0968278
2322,112.0690255
2325,103.4645049
2326,94.32357205
2329,115.973623
2330,94.1177451
2331,104.2665074
2332,111.9776686
2333,95.84305336
2334,103.5001202
2335,111.5981247
2337,111.2896467
2338,94.59888522
2340,111.9749214
2342,93.02842591
2345,93.85468909
2349,94.04701847
2351,80.3794822
2352,94.26056931
2354,111.5999829
2355,115.8691432
2357,112.3299936
2358,94.15411121
2360,94.65206658
2361,111.5999823
2364,94.35094232
2366,95.71908792
2369,104.0944712
2370,94.67129945
2371,111.9894222
2373,112.9834937
2374,95.02021973
2376,112.2013299
2378,110.8282015
2382,94.97535745
2383,93.76471704
2386,103.7639606
2387,94.91797762
2389,94.20308239
2390,111.5120332
2392,93.66429359
2398,111.8650227
2399,94.22877367
2400,94.15054252
2401,112.0442004
2402,94.49804227
2404,95.42601587
2407,111.7326069
2408,113.136607
2409,112.959544
2412,80.6219128
2413,94.88168162
2415,94.47237589
2420,110.6632691
2422,94.91151514
2423,103.3420168
2426,94.95834829
2432,95.33665514
2434,94.10009713
2435,98.06269003
2436,112.9236378
2438,110.7230448
2440,112.0678864
2443,94.66413358
2444,94.08540207
2447,104.547239
2450,94.47875731
2454,94.54159396
2455,112.3754871
2459,95.9157814
2460,112.1232741
2463,94.18028763
2465,94.47528222
2468,79.48701025
2469,94.12199514
2474,94.14550383
2478,94.28618204
2480,94.04200304
2481,113.0574055
2489,95.88530707
2490,104.5560503
2492,93.44725941
2496,95.91577828
2497,112.7780943
2500,94.28690878
2505,95.96958002
2507,93.92119305
2508,111.7624946
2509,94.37837683
2510,79.53588246
2513,93.22785151
2515,95.88197846
2518,93.74537278
2519,113.6844063
2520,93.74537261
2521,112.5492944
2523,112.4408347
2525,94.61158019
2529,111.3675343
2530,94.25128535
2533,111.7075523
2535,93.85065694
2538,104.0930507
2544,110.3467603
2553,111.8552609
2556,94.46947168
2558,93.3882667
2559,114.2897074
2560,94.14610709
2561,112.184461
2562,93.85501874
2563,111.5544592
2564,93.75131604
2565,112.1134751
2567,104.4000626
2572,94.37331788
2575,94.57424835
2576,112.7814217
2577,94.39927933
2578,94.5012685
2579,111.8432577
2580,93.61136402
2582,112.7179522
2583,94.40004264
2587,94.1204319
2589,111.9840344
2590,95.10973682
2591,111.3675291
2594,93.65721256
2597,94.778617
2598,104.4466035
2599,94.68077876
2600,103.4388259
2602,112.1444861
2603,94.37331526
2604,104.3897534
2606,112.453813
2607,79.07389666
2608,94.5902299
2613,111.4517176
2614,94.33863708
2615,113.6834265
2617,112.266735
2620,94.43993363
2623,113.3857192
2624,94.45126294
2627,111.4517164
2629,79.07389481
2630,100.5646229
2632,94.95915902
2636,94.28698502
2639,94.34974455
2640,105.1607819
2642,111.3647782
2644,104.5802438
2646,112.2632349
2647,94.3676268
2649,94.77895104
2650,106.7823521
2652,104.5361833
2653,103.1808262
2655,107.9939939
2657,111.7571746
2659,112.0972182
2662,93.90634851
2663,113.4125156
2664,94.45437863
2665,103.3316625
2670,94.54394818
2671,103.6724679
2672,94.9101343
2675,104.5050458
2677,111.8730956
2679,112.7065915
2683,112.249476
2684,94.20243281
2685,94.16900763
2688,103.8794799
2689,94.48663122
2690,103.8056684
2693,96.97483156
2694,112.6579071
2697,98.25010054
2699,94.285297
2703,93.82836885
2705,104.1118007
2709,79.42896734
2710,94.45936583
2711,112.0617219
2712,96.488553
2713,94.78283233
2714,112.8362959
2715,93.49747631
2717,93.15634691
2718,112.3284675
2720,111.6350566
2721,94.52568723
2726,94.77189879
2728,94.39685703
2731,103.3194989
2732,111.4089491
2734,94.020527
2736,103.9003384
2737,94.04878544
2738,103.3517182
2739,113.1197716
2746,94.00520702
2749,103.2829536
2751,117.840156
2752,104.9034681
2753,94.0572842
2757,104.5220397
2758,94.96964568
2759,114.7208518
2760,99.54089647
2762,112.1932865
2764,94.35702357
2765,111.6879137
2769,112.3202009
2771,112.3548415
2774,93.77330073
2776,94.01166084
2777,114.1847136
2778,93.55188773
2779,112.1416417
2782,93.34355267
2784,94.58475617
2787,94.64111873
2789,94.58467768
2792,94.76001538
2798,94.60579557
2799,104.0588337
2800,96.72884372
2801,79.30529737
2802,93.43510337
2804,94.02942547
2807,103.5210958
2808,94.81673223
2809,113.2029177
2811,116.2165862
2812,94.5914907
2814,93.20896746
2816,94.83345663
2817,112.5364767
2818,112.4930941
2820,112.5633683
2821,79.77399139
2822,94.7288163
2823,104.1535938
2824,94.56719009
2826,94.23357772
2829,93.52242635
2834,93.74279537
2835,79.48674082
2838,94.73222937
2839,112.1521805
2840,93.56208028
2841,112.4242768
2842,95.72030695
2846,113.1307432
2848,95.35521676
2849,94.04499811
2850,112.8247565
2851,94.45256998
2853,95.86743095
2854,111.3279562
2858,113.7555894
2861,94.88946048
2864,93.44757141
2865,113.0703431
2866,111.9843086
2867,93.34938574
2868,112.8364127
2870,112.308344
2877,98.48742793
2878,111.3933457
2880,112.0638592
2882,79.07409878
2883,94.74474018
2884,104.0126302
2885,96.51229259
2887,95.70189343
2888,111.7522893
2889,94.65235889
2890,103.9248997
2891,96.08482361
2892,116.3831639
2893,94.38398972
2898,112.4609252
2899,94.5480461
2900,112.8364438
2901,94.27000728
2909,94.80275191
2910,112.2029252
2911,112.5460267
2913,112.696852
2914,95.34976334
2918,94.08042291
2919,113.0143869
2920,94.1825409
2921,111.3933421
2922,95.07867105
2923,103.8758977
2925,111.7675182
2926,93.62419804
2927,111.7296453
2929,112.1774033
2933,93.61006951
2934,112.4363522
2936,112.5372963
2941,103.5444259
2942,94.46263456
2943,111.9491764
2945,104.2400841
2950,93.66887082
2951,112.0319318
2953,113.474932
2954,94.68868488
2955,103.5883689
2956,95.05708065
2960,94.77053631
2962,93.85654612
2963,105.1320669
2964,104.6981021
2966,78.64260439
2967,94.73878516
2968,112.7903227
2969,93.28507935
2971,93.86970897
2972,95.01001437
2974,94.63513363
2975,112.3456428
2977,117.581119
2980,113.2916339
2981,93.60784448
2983,95.11088484
2984,104.0872325
2985,115.8535879
2986,104.0603164
2987,95.0100131
2989,94.63119983
2990,112.0300288
2991,97.47287671
2992,79.36281299
2995,98.21647559
2996,103.7712915
3002,112.2746567
3004,112.2685454
3005,115.6876469
3006,95.00034759
3010,94.65411517
3011,103.6073391
3014,93.62419063
3015,94.13730538
3016,94.3632548
3017,111.2582284
3018,94.08039072
3021,103.2434028
3024,104.1112669
3028,93.93587023
3030,93.5881748
3032,94.45997958
3039,94.12070281
3040,104.3473318
3041,97.00380285
3043,96.26892025
3044,112.271609
3046,112.0346475
3055,93.42995884
3056,112.4415299
3058,94.16293826
3059,111.5944069
3061,116.3408523
3063,104.1249199
3066,94.83251861
3067,104.1459999
3068,78.76063017
3069,94.48058346
3072,115.0121423
3073,112.3069307
3074,94.32154367
3077,92.85796229
3082,95.26521671
3084,98.23750234
3085,112.3624717
3088,104.2157995
3091,94.09512919
3092,113.3739431
3093,95.27337008
3094,103.2359799
3096,112.8261319
3097,93.90834513
3098,79.21044839
3102,116.0926451
3106,93.96957406
3109,93.67291705
3111,93.39788699
3112,115.6690298
3113,94.66882744
3115,94.60489668
3116,112.0689052
3117,94.48545912
3121,112.3500632
3122,93.92233485
3123,94.30155816
3124,104.3932368
3125,94.41548409
3126,102.8021708
3127,115.7424657
3129,93.842561
3130,112.3117934
3132,104.4360751
3134,104.4353401
3135,97.0890038
3137,79.2034738
3138,98.53350276
3140,94.6401103
3144,112.131174
3145,94.77490001
3146,113.7715318
3147,97.04804441
3148,103.8643009
3149,103.1944599
3150,112.2415436
3151,93.79544922
3152,94.87406868
3155,94.56667966
3156,112.8193749
3159,93.37475452
3161,94.69446195
3162,103.8081793
3163,95.96459576
3165,103.2832549
3172,94.39179144
3173,114.0119928
3176,94.36588859
3177,103.8873992
3179,112.3456257
3183,94.24762469
3186,94.49255475
3187,102.7484037
3189,111.9263438
3190,94.22159944
3192,115.7186871
3193,94.42652631
3194,111.8996362
3197,94.37243983
3198,94.51414113
3200,94.58293975
3201,116.5409705
3202,94.58023424
3204,95.59181272
3205,93.85703216
3206,112.3690762
3208,103.1137989
3210,103.2407772
3211,94.78329681
3212,116.2884943
3213,94.58377415
3214,111.3501088
3216,104.9730428
3219,93.86872224
3220,110.7994784
3221,94.68295561
3226,107.4645963
3227,94.73802787
3228,112.8758797
3229,94.2865994
3232,79.39571361
3233,94.43325514
3234,94.75984275
3236,94.72101241
3238,111.3959551
3239,112.4262328
3240,94.17882939
3247,112.2111671
3249,103.8706242
3252,117.2225486
3253,94.96112683
3254,104.2251583
3255,94.37673937
3256,112.5404281
3257,94.30905798
3262,94.73087777
3263,104.1685497
3264,95.07565518
3266,112.6100577
3267,95.05434794
3269,94.65301382
3272,115.7844185
3274,94.37243335
3275,105.0761938
3277,94.68469803
3279,95.86584715
3280,103.9594204
3283,94.60440031
3285,95.72728106
3287,94.11526642
3288,104.020339
3290,104.2647194
3291,94.41050404
3298,112.234463
3299,94.49328912
3302,110.9620407
3303,94.39131046
3304,104.4307723
3307,93.98626178
3309,94.23660098
3314,79.93283159
3316,112.420634
3317,94.51608072
3319,94.32565207
3320,112.5734504
3321,94.46901385
3322,104.0069987
3324,93.36886599
3326,92.97056565
3329,112.1544433
3330,93.75481447
3331,112.7379316
3335,116.3896726
3337,95.05482398
3338,104.863515
3339,94.86089175
3340,112.3772054
3341,93.80728089
3343,96.05568767
3346,93.34881783
3348,94.29295615
3351,104.4507078
3352,115.9098085
3355,93.63960722
3356,112.3036338
3358,104.3625895
3359,94.80584299
3360,112.5945042
3371,112.6293696
3372,94.59632638
3374,94.75118383
3377,111.6342912
3378,93.16140669
3380,103.7745507
3382,95.35433257
3386,94.53642602
3389,112.2862894
3391,103.0172869
3393,95.55011337
3394,103.1118912
3395,94.2438723
3397,111.4173651
3398,94.92016526
3399,79.1825274
3400,94.43923778
3404,103.6063731
3407,111.9724528
3409,104.5610195
3419,94.64486826
3421,94.27145111
3425,94.74706205
3427,78.98034348
3428,115.7872511
3429,111.8313377
3431,93.75961622
3435,93.93047249
3436,112.5476075
3439,94.72250655
3441,97.44853364
3442,115.78725
3443,94.73086253
3444,103.2617232
3445,94.45864781
3446,110.9843164
3449,93.57730578
3453,94.09597543
3457,94.58262446
3460,103.8565444
3461,94.60226581
3462,94.14450519
3464,104.1089709
3465,78.78211163
3466,94.89439427
3467,103.9035645
3468,94.65142397
3469,104.3442351
3470,103.4653671
3472,111.4062275
3473,94.13545581
3475,93.84550041
3476,111.961392
3478,104.0231016
3479,94.57588585
3483,94.25776185
3484,103.3274434
3485,94.963882
3487,94.40970075
3488,112.0634265
3496,114.0604504
3497,94.66884039
3499,95.32928382
3500,78.84278234
3501,94.64726761
3504,94.66981221
3508,105.1237981
3511,94.24261586
3512,112.6147798
3515,93.92262268
3517,94.37576363
3518,103.1681794
3526,112.3190385
3528,116.8635374
3529,94.19704897
3530,112.9287184
3531,94.24538239
3532,111.8215643
3533,94.20213166
3534,94.48914263
3535,78.81587067
3536,94.09466073
3537,112.1128608
3538,94.23980525
3539,112.6490545
3540,104.3233204
3545,111.7851395
3546,93.34093134
3550,104.3717377
3551,94.51138089
3553,96.69479833
3554,103.8703609
3557,94.37863655
3558,112.2592138
3559,93.43609168
3561,94.22014317
3562,111.5406727
3563,94.55589276
3564,104.0595691
3565,94.47246217
3567,94.13563863
3571,104.0595685
3572,94.76643596
3574,94.90075298
3576,94.16611736
3577,111.6238133
3578,94.55245064
3579,94.23028031
3583,94.55341567
3585,94.76714201
3586,103.3326272
3587,112.0924938
3593,94.63130365
3594,111.9051069
3595,94.17883775
3599,94.26771543
3600,104.100041
3601,111.2665758
3602,93.42435405
3604,95.51547419
3609,116.6379515
3610,112.7678764
3612,111.1642767
3614,112.9971198
3615,94.44226001
3617,96.16216726
3618,112.2630615
3619,111.8909029
3620,111.9627379
3621,94.17100401
3625,93.98486583
3626,103.044693
3630,103.0348813
3631,94.26938834
3632,104.3482972
3633,94.48696291
3634,112.7726809
3637,94.30541892
3639,94.01089196
3640,112.2133389
3641,94.25979339
3644,112.5020959
3645,94.14834269
3646,93.50706903
3647,94.05940652
3648,111.5717248
3653,112.0972032
3654,94.56005149
3655,112.2042739
3659,103.7008639
3660,94.7500101
3662,112.5248312
3666,94.21468679
3668,94.28840054
3671,94.30766587
3673,94.21049695
3674,111.8974334
3675,94.12341407
3681,94.08287556
3682,112.1576179
3686,111.3467045
3687,93.96487878
3692,79.53200023
3695,112.3967983
3696,94.42848976
3699,111.5477642
3705,113.9877635
3707,79.25589548
3708,94.36957836
3709,112.3603973
3710,94.34687695
3712,94.59034538
3715,112.1523661
3716,94.23439628
3720,113.6052542
3722,79.25589422
3726,94.44439149
3728,94.07533759
3729,112.5304777
3731,103.5983663
3735,111.8925869
3736,94.31246565
3739,103.0893329
3741,111.3744022
3743,102.6087624
3744,94.60877974
3745,112.4612778
3746,94.14841128
3751,94.08023293
3753,94.2233466
3760,112.9999041
3761,94.29933304
3762,112.1627458
3763,94.26276598
3765,93.95464428
3768,113.0518215
3769,94.45659109
3770,103.8901446
3773,112.0363215
3774,95.08944433
3776,95.3950359
3778,94.01360395
3779,112.3703707
3780,94.46318118
3781,112.4892594
3782,94.51581311
3783,111.5353212
3784,94.38665801
3786,94.39626785
3789,113.8631295
3790,95.1329512
3793,112.568749
3795,112.1466907
3797,93.80352559
3798,115.6625633
3800,112.4364395
3804,95.16054013
3810,94.55530818
3815,112.2211825
3816,95.16053912
3818,103.310334
3824,111.2866986
3828,103.5201596
3830,111.8195699
3831,94.67092989
3832,78.91305784
3834,112.2367143
3835,93.96699498
3836,112.3217242
3838,94.97142852
3839,116.1447648
3840,113.5332336
3845,94.15429197
3846,112.086254
3847,94.27456244
3849,78.9831524
3853,112.1260255
3855,104.4465121
3856,94.55922899
3864,79.5652521
3865,94.50326297
3866,116.6740896
3867,93.2492532
3868,112.4364337
3869,94.53296674
3871,94.35031936
3875,103.7397631
3876,94.07498133
3878,93.85973359
3879,111.8665857
3881,112.4079369
3883,112.3821276
3884,93.16659102
3886,111.60685
3890,94.31454064
3893,111.811048
3897,104.3601472
3901,93.86923352
3902,111.3972768
3913,112.5189113
3914,94.20622325
3916,94.38737926
3917,112.2567116
3924,104.8490974
3925,94.33751983
3928,95.85293619
3929,112.2385145
3932,94.42675264
3933,104.1002659
3934,79.24030293
3935,93.15996749
3936,94.45269987
3937,111.9894522
3938,94.02104814
3939,112.3151085
3943,93.91854377
3944,111.3808353
3945,112.240863
3946,94.44220242
3947,111.8594236
3948,94.2337587
3949,111.3822844
3950,94.45430993
3951,112.4856745
3952,94.17060224
3953,111.835154
3961,115.0535097
3962,93.95973256
3966,94.32219799
3967,102.6156354
3968,94.7522477
3969,112.2941617
3970,94.6228843
3971,104.2731333
3973,94.45082088
3974,111.7019082
3975,113.8545156
3977,132.08556
3979,112.4258577
3985,94.8305811
3986,103.7382095
3988,112.0542553
3991,93.97198155
3992,103.6424874
3993,94.36369914
3994,94.13658383
3995,112.1881702
4005,112.5270136
4007,93.82016432
4008,102.7911554
4009,94.51282622
4010,119.2936355
4011,79.29293273
4012,94.22198963
4013,104.9407494
4015,112.5772524
4016,111.6768082
4018,112.2739226
4025,94.19202648
4026,112.7330818
4028,113.070217
4029,94.79485956
4031,94.02196655
4032,112.2335314
4033,94.1680018
4034,103.6000204
4037,94.09935804
4038,103.1431518
4039,94.05973383
4041,94.62883849
4042,111.8943277
4043,94.49321899
4044,104.1002566
4045,93.94825183
4046,111.7050149
4047,94.43487269
4048,104.1769766
4049,95.92908645
4051,94.0426329
4052,111.6553165
4058,103.8137793
4062,111.9235466
4064,111.4446646
4067,93.80541165
4068,78.75815235
4070,94.22331825
4072,116.265415
4074,111.9732893
4075,95.43627067
4076,112.3740917
4077,94.12696381
4078,112.6464457
4080,105.1307483
4082,112.1922904
4085,94.28427751
4086,112.2177875
4088,112.7330766
4089,94.61354578
4092,78.35212055
4094,93.16289985
4095,112.1703624
4096,94.68103418
4097,102.8123588
4102,95.17592716
4105,129.7331286
4107,112.2959899
4111,94.29926628
4112,104.7613649
4113,94.61917042
4114,114.6723974
4115,93.73023209
4116,112.3806267
4117,94.00117007
4118,94.67199149
4119,112.1390188
4120,93.99675997
4122,80.96392381
4125,93.79280674
4126,113.7966873
4129,112.1284665
4134,112.806704
4137,94.36443455
4141,105.1889042
4142,94.58774408
4144,94.75053179
4145,104.8614384
4146,94.70775452
4150,94.31767272
4151,78.96444549
4154,93.80540432
4156,94.30001011
4157,112.0355381
4159,111.6883776
4160,94.44686036
4161,112.4546815
4168,94.45923031
4171,103.4148668
4172,103.3902038
4173,95.01236147
4175,94.27110842
4176,105.3862562
4177,94.75972243
4178,102.2195578
4179,94.40861347
4181,113.3902648
4183,94.81089884
4184,113.2624875
4185,93.71911651
4186,111.8366221
4188,119.435479
4190,111.3203712
4192,94.0542948
4193,112.1049681
4194,111.780976
4195,94.12678513
4196,78.89308071
4202,94.94348849
4203,104.0333516
4208,94.16243586
4209,112.0493658
4210,93.37670387
4211,111.8835103
4212,116.1761851
4214,103.9680873
4215,94.61330787
4216,114.602092
4217,93.56711008
4219,94.62777618
4222,112.00339
4224,79.94494599
4231,103.8719555
4232,94.82544397
4234,93.11486865
4236,94.75971746
4237,103.8104759
4240,94.56858862
4242,104.1998063
4243,94.39494683
4247,94.13089309
4248,112.3740009
4249,93.82922969
4254,103.2248683
4263,94.42987715
4265,112.3725347
4267,112.6287902
4268,112.0624071
4271,112.3818268
4272,94.54946635
4273,112.1779005
4274,93.72213106
4276,94.0587823
4278,94.34984287
4280,94.72824987
4281,112.2910056
4283,94.41088096
4284,111.9330723
4285,94.61232843
4286,111.7992297
4287,93.98783851
4288,112.985285
4289,93.78832594
4290,80.59652751
4293,94.03304606
4296,111.5504923
4297,94.1553182
4299,92.60769075
4303,113.4177201
4310,94.85118741
4312,103.7779588
4318,103.8663239
4320,112.1925984
4322,93.84615094
4323,117.002747
4325,103.9816659
4326,112.20083
4328,103.4083661
4330,103.7461594
4332,111.5431375
4333,94.49266369
4335,93.9688177
4336,112.2389776
4338,104.8855768
4341,94.51165496
4342,106.3757752
4344,103.8189966
4347,94.65257925
4348,104.1330374
4351,105.7556128
4352,94.72779749
4353,112.4503623
4355,103.2618166
4356,94.29232659
4359,102.8820688
4360,94.45427475
4361,94.43161522
4364,94.47941725
4365,103.6851577
4368,94.7844261
4372,94.76512944
4374,93.44151313
4376,94.19355776
4377,103.0326007
4380,94.93131224
4383,104.827679
4384,94.36506985
4385,102.6269123
4389,93.64923063
4391,95.08135482
4392,111.5057637
4393,93.61624301
4395,94.03520493
4396,111.4839085
4398,113.0079986
4399,103.0743125
4401,93.84758544
4406,94.49096893
4408,103.840971
4412,104.133032
4415,94.37850182
4418,112.3575682
4419,93.45869074
4420,78.87810263
4422,111.5737729
4423,93.4586904
4425,94.78768067
4428,113.4252858
4431,112.3661442
4434,92.48643304
4436,94.71749838
4437,112.0904157
4439,116.4328078
4440,94.2015182
4441,113.6161145
4444,95.03616605
4445,104.2177932
4446,94.33093852
4447,113.1552451
4452,103.1937669
4456,112.6731713
4457,94.74603818
4458,112.2922267
4460,94.53378817
4461,116.4198284
4462,94.45960732
4465,103.2565305
4466,103.3659466
4468,95.07370017
4469,103.4104556
4472,113.5855757
4475,94.59320415
4478,94.09851133
4479,114.1471901
4480,94.68854112
4483,80.12983239
4484,94.28631782
4485,104.0319368
4486,95.26169583
4488,94.63011455
4489,103.1884542
4490,94.47220416
4491,108.9976253
4492,94.79844851
4493,106.8418097
4494,94.05909884
4495,103.2538267
4498,79.33707994
4499,94.8965482
4500,103.3725664
4503,112.3508014
4505,103.2197916
4506,94.98344695
4507,94.9960783
4508,104.146444
4510,112.4787228
4511,93.3217003
4513,95.32290419
4516,80.19015947
4519,94.22255262
4521,94.75794855
4531,94.25804355
4532,78.99415186
4533,95.10869505
4534,113.0137168
4536,104.1464417
4537,94.7454745
4539,94.78398128
4542,103.0943056
4545,94.22864123
4549,93.75751944
4551,94.7143751
4554,103.4519992
4556,111.6931922
4559,113.6582002
4561,112.0448425
4562,111.6335417
4566,112.560858
4569,94.66723236
4570,111.7568507
4573,94.69269894
4574,103.3564054
4575,94.45852021
4577,94.70870459
4578,112.2888291
4580,112.4725295
4582,92.83637328
4583,111.5767654
4585,94.60513788
4587,104.1191928
4595,94.025849
4596,112.5409748
4601,94.62606519
4602,112.5042583
4603,94.6969795
4605,112.7565697
4606,94.30654954
4607,112.8603115
4608,98.33883703
4610,94.88108463
4613,103.3731815
4617,94.20487383
4618,112.2193448
4619,94.27723553
4620,95.8164323
4622,103.2424715
4625,94.53523912
4626,104.1191895
4627,94.50131403
4629,93.89693121
4631,93.9020781
4633,104.1191889
4634,115.8801055
4635,94.51280706
4639,94.35091097
4640,103.2718575
4642,103.6157087
4644,112.1819052
4646,104.1191878
4647,94.95459073
4648,79.32395198
4649,94.60284116
4650,113.0333451
4655,93.70235762
4660,94.51674252
4661,113.320434
4662,93.51956356
4663,112.2070076
4665,94.61530236
4666,111.9932895
4667,103.5105048
4668,94.24703811
4670,94.31000789
4671,112.1696329
4672,95.12015032
4673,103.6290956
4675,103.5686859
4676,94.59647975
4677,112.2579659
4680,94.73689796
4682,94.64940058
4683,111.6733374
4685,104.4418698
4686,94.6876464
4688,111.9411669
4690,114.4884962
4692,112.3418056
4693,93.80742564
4697,93.66886867
4700,112.0807729
4702,112.5015491
4707,116.5290072
4708,94.81871754
4710,80.52052072
4716,104.2068904
4717,95.08769488
4718,94.21801552
4720,95.24230431
4721,79.25146022
4723,95.05234734
4726,112.6549665
4727,93.29504597
4729,94.21099284
4731,94.55396902
4732,111.8570873
4735,93.95470652
4736,104.1852651
4737,94.76064806
4738,111.8120776
4739,112.0947848
4744,103.7170795
4747,93.88863415
4749,113.2656137
4750,94.82157995
4752,111.681228
4755,95.11246925
4756,102.7822807
4757,112.7106924
4758,94.41322656
4759,103.6522512
4763,94.86213288
4764,103.7908694
4765,94.64749195
4766,95.98389231
4767,112.2667535
4769,112.4929146
4770,94.95969645
4771,79.21575054
4772,103.6191234
4774,112.0247931
4776,113.2966554
4777,112.7855775
4778,94.74753384
4780,94.55428755
4784,94.15451457
4786,95.09008278
4787,79.05293353
4788,95.17555092
4789,111.7308313
4791,103.591585
4792,94.44634753
4795,111.9867402
4796,93.93276975
4803,94.29989483
4805,95.08963867
4807,94.72100447
4809,94.51200381
4816,94.72927476
4817,79.54204024
4818,93.32152678
4820,94.35043684
4821,102.8718832
4823,112.5336968
4824,94.41772612
4825,112.5420966
4829,102.4028907
4830,95.25723752
4831,113.1708515
4833,107.3382044
4836,94.26744509
4837,111.9730452
4838,93.72510173
4840,93.96918455
4841,79.93921128
4842,93.60917194
4843,113.9151114
4844,94.2433241
4849,106.6806498
4851,104.3785852
4852,94.40299226
4858,93.8662591
4860,95.23871083
4863,111.8993016
4864,94.58655742
4865,111.8642444
4867,112.5240495
4868,94.41324316
4869,112.5101104
4873,93.9239208
4875,95.06901737
4876,112.1018533
4877,94.07456698
4878,111.5542915
4880,79.00111067
4886,112.6138187
4888,103.9199087
4889,94.83221456
4890,113.1786682
4893,94.81175507
4895,94.8593167
4896,103.6777906
4899,93.53274055
4901,93.98628586
4902,112.4687411
4903,94.36108344
4904,111.7308216
4910,93.8992137
4912,94.35122853
4915,95.37367177
4916,105.2818275
4917,94.5131705
4920,103.6451958
4927,103.6407163
4928,94.39628645
4931,103.637916
4934,94.37677868
4936,94.75204525
4939,113.5388671
4942,112.4370028
4943,95.54244529
4944,103.5851823
4945,94.56108026
4947,111.54304
4948,94.24831634
4951,94.74556663
4952,111.7617776
4953,93.24940318
4956,94.36107898
4957,112.8278113
4958,93.57874463
4960,94.13217781
4968,94.33599834
4969,103.8416486
4971,102.9738487
4973,112.0454291
4975,113.1203386
4976,94.23023959
4978,94.35575562
4979,112.7877806
4982,94.71020774
4983,112.2591777
4984,94.39591225
4985,116.4199674
4986,94.45004585
4987,114.2438022
4988,94.98342894
4994,94.54654262
4995,94.99395611
5002,79.44326509
5004,94.33468227
5005,103.2928587
5006,95.0259463
5007,102.8355451
5009,112.2021763
5011,112.0396352
5014,94.71055766
5015,104.4913681
5018,94.28456485
5019,112.0772746
5020,94.41306446
5021,112.2601434
5022,94.37458897
5023,94.45772553
5025,95.31040561
5032,94.52188798
5034,93.94455571
5036,94.17085351
5038,94.36534754
5039,112.7675977
5046,95.24364744
5049,112.0772721
5051,95.14584568
5052,93.54526686
5053,112.0408905
5054,95.1852277
5055,94.46615669
5057,94.79738418
5059,94.72727361
5062,95.60412445
5063,112.4538121
5065,113.4536454
5069,94.59544835
5071,95.57429645
5074,113.0260844
5075,93.69170237
5076,111.9894766
5077,78.94239424
5079,104.107833
5080,94.92263018
5081,111.8943122
5083,103.4742462
5088,103.643326
5089,94.41221405
5093,113.1665323
5094,103.3470938
5095,94.74036907
5099,111.2295323
5101,112.3440066
5103,103.0667001
5104,94.72913644
5105,112.3193939
5107,94.13414173
5108,112.8230023
5109,94.65109471
5111,94.46669223
5112,111.620556
5113,94.66263544
5114,112.3848228
5115,94.6449355
5118,94.7508507
5122,95.14748698
5123,79.54130205
5125,94.65555564
5127,103.4402547
5128,94.95245279
5129,115.668837
5132,95.04620699
5134,112.6060049
5135,94.67523863
5137,112.4309973
5142,94.24364687
5143,103.0806343
5144,94.03925068
5148,94.43338487
5149,94.21727657
5150,105.0333051
5154,78.87444145
5155,94.5579993
5159,94.3409012
5164,94.49784913
5165,112.9853358
5166,94.58478947
5167,113.0298531
5169,93.80331329
5171,93.39772997
5172,112.4619129
5176,95.03938229
5184,112.2767465
5185,94.14228681
5186,112.3545128
5188,104.7593608
5189,111.9854482
5190,95.44815558
5191,112.9853336
5193,112.3861436
5196,94.42706706
5199,79.17411127
5200,103.6017461
5203,94.29821515
5204,111.8743706
5205,94.64078243
5207,94.57110659
5208,109.2035327
5212,94.72998209
5214,94.66899877
5218,93.9348315
5220,93.94911522
5222,93.6610474
5224,94.99242816
5225,103.6608414
5227,112.3082532
5229,104.0233418
5232,93.12742302
5233,116.5839513
5234,104.1896276
5237,111.8288923
5239,112.650507
5240,93.51779557
5241,112.0518272
5244,94.61536952
5248,112.06456
5251,93.50800613
5253,94.57838116
5255,94.92173282
5256,103.062298
5257,94.50880027
5259,94.99286009
5260,111.8667016
5266,94.5057398
5268,94.38946457
5275,111.8774426
5276,112.4540764
5277,93.69486102
5279,94.99910049
5280,104.0473091
5281,94.30677535
5283,94.62140551
5284,79.33304635
5285,94.93667309
5286,103.1283495
5287,94.59575884
5289,94.06139041
5290,112.3861355
5292,103.7358401
5293,94.90296655
5294,102.4946387
5297,94.26370985
5299,106.9344866
5302,94.76911175
5305,79.23372849
5306,94.87618867
5308,94.29391375
5309,94.36070896
5310,111.9963378
5312,112.3096032
5316,112.4483925
5317,94.79168412
5319,79.53923706
5320,95.45058616
5323,94.4269482
5329,112.4172067
5331,111.9462593
5334,111.8489461
5336,112.5933765
5338,103.5981312
5341,94.08807356
5345,96.77544002
5348,94.35108198
5349,112.6429512
5355,104.710783
5356,94.66070892
5360,103.1731378
5362,112.4601117
5364,112.0880107
5366,104.6977129
5367,94.06868031
5368,94.81695742
5370,94.19457318
5371,78.85684609
5373,103.5099964
5375,111.7181782
5376,94.06675412
5378,111.8809706
5379,94.84824034
5383,94.43969834
5384,103.6416989
5389,112.6798283
5391,80.31822155
5393,111.8234361
5395,113.0821901
5397,111.6621274
5398,94.58011608
5399,112.9262199
5401,116.7596879
5402,94.23696704
5403,112.870356
5404,94.37004394
5407,79.1743002
5408,94.54876142
5413,113.0539265
5414,94.58513488
5417,94.46739269
5418,103.7941696
5420,112.7556771
5421,92.87005317
5424,94.84401798
5425,113.6030888
5426,97.65511053
5429,112.9574281
5431,95.12327087
5437,103.2738701
5440,94.10930858
5444,103.9169959
5446,105.4033253
5447,94.89811275
5451,98.41888724
5452,110.6679714
5455,104.2830291
5456,94.78788869
5458,95.04993203
5459,112.7889075
5460,95.17428745
5462,94.60789994
5463,112.0260092
5464,94.02714204
5465,113.7002763
5466,95.40897999
5467,103.4889894
5468,94.96299718
5469,112.2564545
5472,94.94529082
5474,94.15345782
5475,111.7801153
5476,96.12375265
5479,103.581158
5480,111.9798499
5482,112.6348223
5485,94.19951935
5486,116.7225027
5488,79.72888654
5495,103.5180768
5496,94.85343373
5497,114.3680211
5499,114.6456656
5503,94.26176226
5504,94.40314207
5507,95.71315891
5509,94.42697653
5511,94.06944744
5512,112.2427071
5516,111.9293479
5517,95.18792162
5518,103.6803463
5521,94.81679099
5522,103.695432
5527,95.27775689
5528,94.66838486
5529,111.8050683
5532,94.65295774
5533,113.5188665
5535,103.7798281
5536,103.5108019
5540,93.72624516
5547,94.31323495
5548,112.7330605
5550,78.74894091
5551,94.16214843
5554,112.7072497
5555,94.53951449
5559,111.7179915
5560,93.36545539
5561,112.0716629
5562,93.83048662
5563,112.8674739
5565,79.38476477
5566,94.89879701
5567,103.5757954
5568,94.66303706
5572,95.1684757
5574,94.79401279
5576,94.26671609
5579,113.0311645
5580,78.66090392
5581,94.419009
5583,94.58035141
5584,112.7308068
5586,112.4227316
5587,93.09538861
5589,102.810127
5591,102.4833908
5592,93.60224708
5593,113.4495496
5594,94.88733146
5595,79.21571457
5596,112.0545014
5597,113.2677331
5598,115.7503753
5599,94.48652415
5602,112.1671871
5603,94.88733071
5605,93.86599415
5607,93.18314023
5608,112.582085
5609,94.05531789
5610,93.84174443
5612,94.31675678
5613,111.8623351
5614,94.17665385
5616,94.29095002
5621,94.8031838
5623,94.45167154
5628,113.2112611
5629,94.55326261
5631,95.14314555
5633,96.52199702
5638,103.4086144
5639,95.16180595
5640,104.434144
5645,95.69720727
5646,78.96608842
5649,95.01421498
5653,113.7791789
5655,115.81979
5656,94.56524756
5658,94.65186246
5662,116.2888102
5663,93.47750727
5667,94.95499724
5670,94.44889
5671,102.4595485
5672,95.00973329
5673,102.7316578
5674,94.1768946
5675,103.3150401
5676,95.15175964
5679,112.1441474
5683,118.21969
5687,95.28748538
5688,78.19127117
5690,94.75936653
5691,112.1021967
5692,94.21578688
5693,113.4345229
5694,94.95477324
5697,114.7481312
5698,93.80060918
5699,112.1135671
5704,94.75623015
5707,112.1470442
5709,103.1800462
5710,94.81121469
5714,95.22921282
5718,95.19343857
5721,96.07354287
5723,94.74668251
5724,113.7700038
5725,94.81235021
5726,112.777975
5729,97.4995248
5730,103.7814762
5731,94.81386795
5733,78.23255202
5736,94.55153763
5741,102.3445605
5745,112.6587794
5747,95.59001825
5748,103.6364654
5750,113.0992468
5751,95.71923889
5752,95.10759643
5754,94.85400298
5755,95.13261051
5757,95.23129735
5758,116.0415095
5760,103.5465264
5762,102.6799979
5766,112.4103111
5768,96.0601752
5769,116.2984447
5770,96.04562277
5771,112.3970966
5772,95.05975139
5773,112.7547974
5774,95.14869557
5776,94.05108406
5777,112.4265488
5778,93.9048512
5780,113.8685866
5782,94.60855585
5783,78.94403947
5784,95.57484518
5786,95.54966502
5788,95.73450599
5789,112.49202
5790,95.61772603
5791,104.2672838
5793,106.2553953
5794,94.94486013
5796,116.7751695
5797,95.00863272
5801,94.15542162
5803,94.97598356
5804,111.8178778
5805,94.57214214
5806,79.01946253
5808,111.9925982
5813,94.78905789
5815,95.15268615
5816,106.2951765
5822,94.09663482
5823,112.0576409
5825,104.1039847
5827,112.9874239
5829,102.3973613
5830,95.58982577
5831,112.9846083
5832,94.54389929
5833,111.9955716
5837,113.4961404
5838,94.81958051
5839,95.01901918
5842,104.5976458
5844,112.1975589
5845,111.6793951
5846,115.8611708
5848,78.89303611
5850,112.986186
5851,93.82333269
5853,95.70946507
5854,103.9788217
5858,104.4707219
5860,112.7696248
5864,102.6873721
5866,95.09671837
5867,112.3675279
5868,94.23844653
5869,112.2390912
5870,94.43039359
5871,112.652238
5874,112.8939904
5876,112.4952246
5877,93.35962273
5878,94.21666305
5879,111.9640888
5880,94.23051556
5884,93.709446
5886,112.092819
5890,104.2452234
5896,94.35950024
5897,103.1771694
5898,95.20540909
5901,104.7998099
5903,112.2584932
5906,93.80412948
5908,111.8884519
5909,93.37642077
5910,111.7817132
5911,94.5089593
5912,111.864202
5914,112.8669332
5919,112.0104984
5924,94.38472791
5926,94.43104666
5929,103.6151028
5930,93.95303424
5932,94.9149949
5933,112.4525214
5934,93.82056377
5935,111.6420779
5936,98.73499613
5937,112.4058352
5938,94.22563509
5939,111.1075783
5942,111.8772305
5943,94.35232514
5944,104.2535552
5946,111.6567287
5951,93.77134229
5953,102.5877392
5954,94.4881474
5957,103.6369918
5961,94.23711206
5962,104.7354388
5964,80.12787654
5965,94.5047588
5968,112.845963
5969,94.10694718
5974,94.13975315
5975,112.5576781
5978,79.56440339
5981,103.3912012
5982,94.65286507
5983,112.7379601
5989,111.2033755
5991,94.15453375
5992,102.4127746
5995,94.52741384
5996,103.2966437
5997,111.5417723
5998,93.76724897
5999,78.47014953
6001,111.5435419
6002,94.31651927
6003,111.0473336
6004,94.37969898
6006,111.8515478
6007,94.52371102
6011,105.3425059
6012,103.1257113
6014,94.38906703
6015,102.9685686
6016,94.41259533
6017,112.4952694
6018,95.2249502
6024,94.6314449
6025,103.3246138
6026,113.0879824
6028,112.4625308
6029,78.51220817
6030,94.50020299
6036,112.6481761
6040,94.18885679
6041,112.1435904
6042,94.04646585
6044,94.88457077
6045,103.4184288
6047,103.4384863
6048,94.07961671
6049,111.8489273
6051,116.0130172
6052,111.9997482
6053,93.15019337
6054,111.9623455
6058,103.8742102
6059,94.30085138
6062,95.18171295
6063,116.3759313
6064,103.2667206
6065,94.1790738
6067,94.73982009
6068,112.2029601
6070,102.5725164
6071,103.3228828
6072,111.9644649
6080,111.9644642
6081,94.09528392
6084,104.8068167
6087,94.56784422
6089,103.6125245
6092,111.9644632
6094,93.92159123
6095,111.9795954
6097,114.1376507
6100,94.17297159
6104,103.1603943
6105,94.03721378
6106,111.5274503
6107,78.71814609
6108,93.75361352
6109,111.9982142
6110,93.7345247
6114,111.9107352
6116,93.64299602
6117,103.3441147
6118,94.76062228
6123,78.83300315
6125,112.0394607
6128,111.8565937
6130,102.9655911
6132,111.474523
6137,79.7895545
6139,112.4153522
6140,94.04238812
6141,113.9812673
6142,104.2935016
6144,109.2633458
6145,94.66269434
6146,94.296744
6149,93.52346567
6156,94.36183264
6159,112.9281125
6160,94.04238644
6162,103.2061724
6164,111.2719752
6165,93.61491097
6168,79.75300327
6169,111.5877325
6170,94.01661459
6171,112.0316563
6172,93.22679465
6173,114.0489702
6176,96.22886829
6177,93.04239861
6178,94.52149627
6180,94.26257296
6181,103.2915996
6182,93.55772841
6185,93.75166172
6186,111.9135367
6188,112.1349111
6189,94.66834608
6192,104.9540911
6193,94.21566636
6194,103.5202133
6195,94.31656978
6196,116.1017687
6197,93.90307367
6201,111.9576257
6202,93.78045816
6203,112.2881462
6204,93.7680328
6207,117.9292825
6209,94.45810262
6210,94.15335854
6211,112.3778003
6213,112.0279754
6216,92.98205522
6217,93.55778842
6219,94.22897236
6222,78.60595406
6223,94.57826607
6235,95.15385875
6240,94.62660446
6242,94.19492719
6247,94.08509999
6251,111.9944868
6254,111.5411403
6255,94.58558161
6260,103.1647378
6261,94.30033166
6262,103.4980854
6264,112.0244954
6269,103.5343634
6271,104.5846965
6275,112.655114
6276,94.19405207
6278,94.83149914
6279,112.1942906
6281,112.3358284
6284,94.28109545
6286,94.15632194
6287,78.42519114
6288,94.50646799
6292,93.78092663
6293,93.92238321
6295,94.21322564
6298,111.4801472
6300,111.3980318
6304,103.1587767
6308,110.9210109
6310,94.83763009
6312,111.7234932
6320,94.35469375
6324,93.41644867
6325,112.078114
6330,94.89832865
6336,111.5623431
6340,103.9490325
6341,96.31103824
6342,103.9660789
6344,94.13725399
6345,112.0848033
6347,112.6043954
6348,93.89652933
6349,111.3326057
6351,78.38308109
6353,112.2821903
6354,93.88766433
6357,93.88313822
6358,103.2625876
6360,102.2886212
6363,113.0511575
6364,93.05331967
6368,112.6116657
6370,94.11911044
6371,94.08242146
6377,95.52105771
6379,94.33869363
6381,94.09932542
6382,78.43907339
6383,112.7548072
6388,111.7330935
6390,111.4709549
6392,102.4108972
6393,94.39190933
6395,94.39787625
6398,102.486923
6401,78.5435449
6402,93.28835218
6403,111.610526
6405,93.76288961
6406,93.0872092
6407,112.0514762
6409,103.3338953
6411,93.9133571
6413,94.3312121
6416,104.6450725
6417,93.91598392
6418,93.58550732
6419,116.8472334
6420,112.3615622
6426,112.2811631
6429,93.85921855
6430,94.02055894
6431,111.6105236
6432,94.28619737
6434,94.40978632
6437,113.2054786
6438,94.27210212
6439,103.1961843
6440,93.92167303
6441,93.60981342
6442,110.990581
6443,93.89024255
6445,94.5143801
6448,111.5891619
6450,110.8377712
6453,94.47040364
6455,94.31768879
6457,93.18745341
6458,111.06917
6461,94.08384186
6464,112.1464324
6467,93.72522458
6469,94.59054628
6470,79.04630617
6471,93.57541899
6473,103.0915151
6474,93.957785
6479,93.93821642
6481,93.76739264
6484,111.7029722
6495,92.91994981
6496,111.2122943
6505,110.5549296
6506,93.92408602
6508,95.8725592
6509,94.06625282
6510,103.2871208
6512,103.1839415
6513,93.85871691
6514,111.4238711
6515,93.19138613
6519,94.28655369
6521,93.67845006
6523,78.33451489
6525,105.0953953
6526,94.03594187
6528,94.28974363
6529,111.1422384
6531,103.5802931
6533,104.0615466
6534,94.82299432
6535,111.20091
6536,93.07120234
6537,112.1343967
6540,92.84378421
6541,112.3168056
6547,94.47025864
6548,110.9492589
6551,111.6437797
6553,110.6347748
6555,104.7513336
6556,95.50749626
6561,78.17869577
6564,93.48485049
6565,111.3271739
6568,94.24662412
6569,110.6960528
6573,102.4569946
6574,93.91452246
6577,111.4793697
6579,113.0423656
6581,93.68780318
6582,110.8267203
6585,105.934193
6586,94.36418203
6589,102.4138949
6590,78.46248176
6593,93.9506043
6594,110.9462643
6595,92.96008207
6599,93.4653403
6600,93.28058488
6601,110.329473
6602,92.4826416
6603,111.191749
6604,93.46102475
6607,103.6123842
6608,104.5182187
6609,93.46652195
6611,93.87859317
6613,110.6862072
6614,94.11469555
6616,93.34803961
6617,110.6862068
6618,93.92878406
6619,102.784157
6621,104.7735296
6627,103.2832335
6629,110.620944
6631,78.43984206
6634,93.94771986
6636,93.84747609
6638,94.24661822
6639,110.6949635
6641,111.1628914
6642,93.90321045
6651,113.7380479
6654,78.65657659
6657,94.18339994
6663,93.52737677
6665,112.5451276
6666,93.9042484
6668,93.94687677
6669,104.4936736
6670,93.87403001
6671,94.42560028
6673,94.06508619
6675,93.55634383
6676,78.17891401
6677,93.91336771
6679,93.79067272
6680,111.0269074
6681,102.8284444
6685,102.7818208
6688,94.38883066
6689,93.51146575
6690,110.2908912
6692,110.6949591
6693,93.84146609
6694,93.73103334
6698,115.6477165
6699,93.5691027
6700,110.6104018
6701,93.216945
6702,110.8934751
6704,93.41354884
6707,110.4055138
6712,110.9900491
6713,92.87947277
6715,93.48322121
6721,110.0744885
6722,93.76979846
6723,111.4741007
6724,93.11752823
6725,115.7603698
6731,111.3347873
6735,87.20811053
6736,93.50149837
6737,103.8840498
6738,93.51705704
6739,101.9797659
6741,102.3847029
6743,92.97460157
6745,93.8500665
6747,110.3554769
6749,93.59141591
6750,103.1417958
6751,114.3056924
6752,93.35271584
6753,110.6439972
6755,113.3358475
6756,94.06489638
6757,103.17306
6759,111.00168
6761,93.48391056
6763,93.44617817
6764,117.7169324
6765,94.37354207
6766,111.0380238
6768,110.8953616
6771,93.27249655
6773,93.81351367
6774,93.79522562
6778,111.1300353
6779,94.08780882
6781,92.67668769
6784,93.40098587
6786,93.55780531
6787,111.1370134
6790,94.18159759
6793,103.3505534
6795,109.9276774
6798,111.1336479
6806,102.8456976
6807,94.87973404
6810,93.42209328
6815,111.0370126
6816,93.48239465
6817,102.006028
6818,93.87296645
6819,102.7638988
6820,93.93208585
6822,93.4069648
6823,114.6025514
6824,110.3840272
6825,93.97870919
6828,78.25906969
6829,111.3612073
6831,110.5628825
6832,93.62353716
6833,110.2590951
6834,93.44781369
6836,94.10879846
6837,110.7733256
6838,92.83207003
6840,102.0763572
6843,92.77366092
6845,92.3813336
6846,93.34890945
6847,109.9987027
6851,111.4441141
6852,92.78799494
6853,110.3968891
6858,93.96378971
6861,111.3135666
6863,110.0439666
6864,78.40924671
6865,93.49547036
6866,110.6040803
6867,94.17538815
6868,102.3141544
6869,93.84531323
6870,110.3840233
6874,110.7755483
6875,93.56058254
6877,110.754674
6878,93.40572538
6880,93.76921525
6883,110.2684446
6884,93.34423857
6886,93.98284761
6890,94.45514575
6893,110.8694569
6894,93.66977479
6899,110.7546722
6900,93.54472736
6904,92.04241529
6905,110.535343
6906,93.37245125
6910,93.88139707
6912,103.0000469
6913,110.888765
6920,93.44088124
6922,93.53152665
6923,109.8693857
6926,94.02532095
6927,110.5520865
6928,93.42791165
6931,111.1714705
6933,93.08153031
6936,92.57297513
6937,110.6705416
6939,112.6809014
6941,93.56940419
6942,111.1158346
6943,93.43123986
6944,101.6559073
6945,93.73538954
6946,110.6542208
6947,114.6494999
6949,103.9403667
6951,102.8229811
6953,112.0009556
6954,98.26385888
6955,111.4048541
6963,110.0817995
6964,93.34728717
6966,93.75514314
6968,93.18366175
6970,102.5221803
6972,111.7563092
6976,111.2473343
6978,110.6433318
6981,102.4154449
6985,103.4293969
6986,93.37453695
6987,110.6703447
6989,111.0634491
6991,114.6317197
6993,112.7602253
6994,93.805699
6995,110.441424
6996,93.19706713
6997,110.6944375
6998,78.52939538
7001,110.0630585
7003,111.7184615
7006,93.81020587
7008,103.2423174
7010,92.37961072
7011,93.81054028
7012,112.9337105
7013,92.92936774
7014,110.7545328
7017,103.0813286
7018,93.8165898
7019,92.3553256
7023,93.59786391
7024,101.6522673
7025,93.27801419
7026,111.3383254
7027,93.41427307
7028,112.6611558
7030,109.9033046
7031,93.89043843
7033,111.2518075
7036,93.6405126
7037,93.76009988
7039,93.22743288
7044,93.16089182
7045,110.7852634
7046,93.92495627
7049,102.4844909
7050,94.17346489
7051,102.5355325
7054,110.5604754
7055,93.90308742
7057,93.28174374
7060,110.7625855
7061,94.51978399
7063,92.48993569
7064,110.4924894
7067,93.76498045
7071,93.7541029
7074,102.6505274
7075,93.390994
7078,110.7852606
7079,92.79034747
7080,114.4483295
7081,93.72957813
7082,110.9838229
7083,93.39661957
7085,111.42736
7092,102.7174596
7094,93.95927996
7100,93.18155816
7101,110.3827756
7102,110.6179383
7104,110.397439
7105,94.51978029
7106,93.68177862
7107,102.6892951
7108,78.11318093
7109,93.17904734
7110,110.6530634
7112,93.92766005
7113,102.6278582
7114,93.98492366
7116,110.8526402
7117,95.58545405
7118,103.0424902
7120,93.58087731
7121,102.0807997
7123,102.5416398
7124,94.01941537
7127,106.3480934
7131,102.4860056
7132,93.85231013
7133,92.65212996
7134,110.8233398
7135,92.78118748
7136,111.1570188
7137,92.9271015
7141,93.18216586
7144,102.6874717
7147,110.5182011
7148,93.13471893
7150,92.31689337
7151,93.5808747
7152,102.3271046
7154,94.51327177
7156,93.81681978
7157,102.8247536
7159,114.8118426
7161,94.11105617
7163,94.01904762
7164,102.3562868
7167,78.6980329
7169,103.2221483
7170,93.97425389
7173,93.93487049
7174,111.125013
7177,110.8157602
7178,103.5167386
7179,93.36333033
7180,77.89294675
7181,110.4424078
7182,93.51454461
7184,93.91990834
7185,111.2752093
7186,92.74249531
7187,113.6760871
7188,93.60393389
7189,110.6062946
7191,102.6200469
7193,110.0889213
7197,94.28091887
7199,92.6794133
7200,110.983813
7201,92.74354612
7204,93.52401084
7207,110.0869063
7209,110.0462415
7210,93.06089169
7211,102.8315235
7213,91.798904
7214,110.733352
7216,110.7167579
7217,93.31700901
7220,109.959502
7224,109.9293656
7225,93.23409971
7226,110.716757
7227,92.73074914
7234,111.2752052
7236,87.35807541
7239,102.9007061
7240,93.75387717
7242,114.0645799
7244,110.4175993
7245,92.48777554
7247,111.0463833
7248,92.19385882
7249,115.0420215
7250,111.4788171
7251,92.21594812
7252,111.6435681
7253,78.25838083
7256,93.7264553
7260,93.35177614
7261,110.9360173
7264,93.60933183
7269,110.9586281
7270,92.85380773
7273,110.8540288
7279,92.67349796
7281,113.4371198
7284,92.07073609
7285,111.4356567
7286,114.8953891
7287,92.68731983
7289,93.53142795
7292,93.37735403
7293,111.3345589
7296,92.82226703
7297,111.1544571
7298,91.3997594
7299,111.2248096
7301,102.2504642
7304,110.4915231
7306,114.4419888
7308,93.58136837
7309,101.6601861
7312,92.8676317
7313,78.24763359
7314,93.18452297
7316,96.40955174
7319,114.7473753
7321,94.00646007
7323,93.5040944
7324,102.150151
7325,92.75812475
7328,102.3408096
7330,78.16360002
7334,92.75812399
7337,111.415852
7338,93.79366893
7339,92.80744948
7341,92.29663716
7342,111.3710518
7344,111.1488475
7345,109.8864934
7347,110.3178207
7349,113.1124681
7350,94.0534031
7353,111.3631468
7355,111.1917447
7356,93.4219546
7357,111.6337382
7358,93.81365815
7360,92.38412643
7363,102.381344
7364,93.77358496
7366,92.84730451
7368,93.19508942
7369,110.6119858
7370,92.46347043
7373,92.84647341
7374,110.393449
7375,93.15397773
7377,95.87590975
7379,92.39211873
7380,117.6637952
7382,110.4536137
7383,92.83770639
7385,92.73612258
7386,102.8998839
7391,93.41584863
7394,107.1911843
7396,111.4301064
7397,93.32925027
7399,95.20115604
7400,103.0461385
7403,78.15074796
7405,110.636229
7408,110.8711912
7414,110.3532387
7416,102.9582784
7417,92.03410369
7419,92.42796759
7420,111.0787086
7421,93.27295522
7422,93.37609568
7423,102.5823774
7425,78.08027796
7430,92.74547917
7432,93.46151473
7433,93.74643544
7434,110.0537909
7436,110.0113099
7437,92.76255041
7438,102.3218037
7440,102.4105016
7441,92.66234837
7442,110.3935959
7445,111.3076123
7446,102.2338603
7448,111.0213648
7450,102.4288841
7451,92.8622357
7454,111.7338506
7455,93.13929879
7457,110.7960299
7459,102.1208679
7462,93.00678238
7464,92.88947155
7465,112.5355922
7466,92.76942315
7467,110.2243585
7469,111.4238899
7472,93.1335982
7473,109.8317875
7479,92.59837837
7480,104.2833261
7484,110.3535685
7491,92.52149027
7494,102.993489
7495,92.93856693
7501,93.04022248
7503,92.5146991
7504,102.8883405
7505,92.39782082
7508,111.2764638
7509,92.39580888
7510,78.1982243
7511,110.6167575
7515,93.10054971
7516,102.7535411
7517,93.2174762
7518,102.8638226
7519,92.57876178
7521,93.32310137
7522,102.4629546
7524,103.438867
7526,102.6841821
7527,92.9072947
7528,102.0652648
7529,93.11901023
7534,111.3520003
7537,110.7269792
7538,93.87789752
7540,92.53815509
7541,111.4373802
7545,113.1786061
7551,110.8568052
7553,92.75196349
7554,102.1707862
7555,93.3841877
7561,111.4745413
7562,93.73101212
7564,92.63126702
7565,102.2965721
7566,92.88578497
7567,112.7984971
7569,101.8028029
7570,92.89051561
7571,113.255584
7572,93.07827675
7574,103.2121192
7578,110.9295799
7579,92.9124317
7586,92.51748006
7587,79.67746285
7590,92.49231878
7593,109.8594569
7594,93.17036132
7595,92.88578253
7600,92.67979425
7601,78.08619956
7602,92.78847934
7603,111.3506903
7604,92.46457584
7606,93.12319108
7608,110.5118602
7613,78.10404233
7615,110.3495978
7616,109.9558443
7617,113.1751456
7618,92.714069
7619,102.6577781
7622,93.49907661
7623,102.012501
7624,93.214511
7625,102.2993738
7626,92.85463374
7627,102.19981
7628,77.91653909
7631,102.5117547
7632,102.6719982
7633,93.1158895
7634,115.3480236
7635,92.71308697
7636,110.8379155
7637,110.683649
7639,92.36478089
7640,77.92998106
7644,111.1335101
7645,92.74832985
7648,102.2860334
7649,93.44209374
7650,110.6335686
7652,112.5591284
7653,92.67980759
7655,92.91600353
7659,110.871376
7662,93.52492143
7664,92.57077263
7666,93.52813422
7668,93.21863045
7669,110.9545163
7670,93.20966884
7672,93.51251736
7673,110.7476185
7678,92.46651296
7679,78.18737486
7680,103.4666998
7683,91.91716594
7685,114.6138291
7688,92.93920469
7690,109.7487305
7692,92.53843422
7693,92.75897774
7695,111.2326477
7696,92.61452272
7698,92.41885077
7699,110.9283261
7702,91.89518206
7703,110.6539346
7704,93.00457784
7707,110.3449667
7713,78.1896196
7715,102.6759838
7717,111.0165509
7718,92.17533193
7719,102.6022941
7721,111.9185715
7722,93.29398054
7725,101.4229318
7727,102.0575184
7730,78.51738654
7733,91.7759332
7735,102.2044395
7740,111.0984658
7741,110.2035835
7742,92.27552889
7744,110.745255
7747,92.81270721
7750,77.98872075
7752,111.3098753
7754,110.6061494
7756,104.5087766
7757,92.72706622
7758,103.1129174
7760,103.1586715
7761,92.70556625
7763,109.9191883
7765,92.42542715
7767,110.7334351
7768,92.42588994
7771,92.72662773
7773,91.54138699
7774,114.5008316
7776,102.9593445
7779,91.96030952
7783,92.16852185
7786,115.9428302
7787,92.73263244
7789,92.34155715
7791,92.77872518
7793,92.21278115
7794,110.1949273
7795,92.18841963
7799,77.88348363
7800,109.9797702
7802,93.06809908
7805,110.3422805
7807,101.7604054
7808,93.07487847
7811,103.7818586
7817,109.6567932
7818,102.4393188
7819,92.73384851
7822,92.37558019
7823,110.5323882
7825,110.7626894
7828,92.0305181
7832,92.50832058
7833,78.3928763
7834,110.3066793
7835,92.42357494
7837,92.73424717
7840,92.72550212
7842,93.5637549
7843,111.7956159
7844,92.32666562
7846,92.61651643
7850,92.53446889
7853,110.854722
7855,111.0739808
7858,92.80344056
7863,110.6408672
7865,110.7875594
7866,92.48132784
7868,91.52174055
7869,110.9830603
7871,78.26049651
7872,101.3842922
7874,101.922585
7877,111.3335998
7878,92.42871923
7879,110.14214
7881,92.10422965
7883,92.42777155
7885,102.1943206
7886,92.56224252
7889,93.40029772
7890,103.4982094
7891,92.27056583
7893,92.72848466
7894,102.0335714
7896,110.5214339
7898,101.882055
7901,92.64606227
7902,109.8810674
7904,111.4145378
7905,92.38578944
7906,116.8000147
7909,92.71183013
7910,101.8536656
7913,92.67658883
7918,110.5167344
7919,91.96064044
7923,91.63665942
7925,92.57183319
7927,91.644372
7930,92.70442022
7932,92.84185178
7933,92.06864448
7935,92.66557596
7939,102.7439199
7942,92.1993447
7943,111.7029803
7945,102.3591379
7946,92.61707578
7948,92.68928482
7949,109.4450516
7950,92.18059408
7951,110.6512434
7955,101.7844001
7959,92.64967907
7960,110.6665167
7961,93.17025433
7962,102.8037079
7964,102.9547477
7965,93.15969036
7966,110.7934866
7967,104.4915401
7968,92.6888167
7971,102.8906971
7974,91.94936719
7976,109.983381
7978,110.54121
7982,110.6764026
7983,92.60926957
7984,102.4825253
7986,91.96905082
7989,109.4450482
7991,109.8810599
7992,110.4304911
7993,92.48233253
7994,110.677197
7995,92.52588498
7997,92.05113356
7998,102.4825241
7999,109.5604568
8002,92.33707896
8007,92.39495883
8009,92.93007775
8011,92.42703364
8013,93.45962108
8015,102.4899389
8017,111.2551065
8019,114.5249337
8023,92.35982511
8024,111.2284773
8026,110.7300126
8027,92.06266767
8029,92.98452626
8030,110.5540688
8031,92.37153574
8033,93.5971575
8035,92.40947376
8036,102.829878
8039,103.2545319
8042,91.68861165
8044,92.47708125
8046,77.72899561
8048,110.6003187
8049,92.28461918
8050,102.0816027
8053,92.23337787
8054,92.2279453
8059,92.39187236
8061,93.53627473
8062,109.5715603
8064,110.0114939
8066,102.9279306
8067,92.60611352
8068,92.09063728
8070,92.67578246
8071,111.0997369
8072,92.33953381
8076,92.31692953
8080,91.19112026
8081,111.5248744
8084,103.2773654
8087,110.3889792
8089,91.53908363
8090,117.7629252
8091,102.3602117
8094,116.7976873
8100,91.18375738
8101,93.05380502
8110,92.44543189
8111,109.9005734
8112,92.66073323
8115,110.4388389
8116,93.21377297
8118,110.0172038
8121,115.3275664
8125,110.9267415
8127,111.0190875
8128,92.7933568
8129,109.8715421
8131,92.88946204
8138,92.4551486
8139,101.82232
8140,92.32199555
8141,91.47005931
8142,110.7469305
8143,110.1667683
8145,110.7237923
8146,91.65216823
8148,109.7677582
8153,111.0725368
8154,91.11388967
8155,112.7570002
8161,92.73012482
8162,110.5156971
8163,92.13757687
8166,110.5757706
8168,110.8500167
8170,92.13985125
8172,109.5895408
8173,91.86484948
8176,102.1809357
8179,91.98094528
8181,92.5293246
8182,114.3423334
8184,110.4360901
8190,103.0013741
8191,93.06004598
8194,110.5592277
8196,112.2143292
8198,110.8237919
8199,110.6776909
8201,111.1539232
8202,92.31304326
8207,93.06480068
8208,109.5359421
8211,110.8556206
8214,109.9084749
8217,92.24999268
8218,110.2203127
8222,92.33556387
8229,102.9052364
8231,92.21329895
8233,92.92071659
8236,92.41130017
8238,112.4593171
8240,101.2943583
8243,102.794385
8246,110.3814006
8250,92.28853081
8254,93.31322506
8256,77.72834356
8257,109.5485565
8258,91.85553015
8260,92.58979546
8261,109.8167925
8263,113.5198795
8264,92.39586743
8267,110.4802086
8268,91.59876256
8271,92.40658501
8272,109.5278115
8275,92.71417622
8276,94.30056605
8277,111.6861085
8278,114.1875935
8279,91.45825188
8280,109.7045422
8281,93.32971526
8282,109.4018764
8287,110.9281973
8288,91.59461812
8289,112.8010381
8294,92.01827076
8296,92.26331099
8299,109.4602856
8302,102.346566
8308,110.6997688
8314,102.7584592
8315,93.2970906
8316,109.9178014
8317,93.08759773
8319,110.7352244
8320,91.79945784
8321,114.4847151
8323,92.37470227
8325,92.91755267
8326,110.7197869
8328,109.5142951
8330,110.0110947
8331,92.28093322
8332,118.6796252
8334,92.56231204
8338,92.47014114
8339,93.19782867
8341,91.41604005
8345,110.5822731
8346,92.27953959
8347,102.714061
8349,93.93392411
8351,92.78024378
8352,110.8418042
8353,109.6344483
8355,111.8566584
8358,109.398608
8359,110.128646
8360,92.73654963
8361,109.947941
8363,103.102482
8364,92.66981825
8365,92.76374594
8366,102.1355239
8370,110.3925992
8372,93.01903491
8376,93.20838533
8377,110.3420264
8379,109.8236593
8380,92.87418156
8381,111.3696491
8386,90.48626076
8388,101.555201
8389,92.24267288
8391,111.0449336
8394,93.3228492
8396,103.412856
8398,101.7770713
8400,111.4893603
8401,92.32922062
8404,91.44495778
8407,96.13360808
8408,111.7355831
8409,109.7786392
8410,103.1016136
8411,95.91872118
8413,95.83788641
8414,110.4659216
8416,95.15814042
